{"skeleton":{"hash":"JUhC8rfogzZg5wLE6Gji53K2250","spine":"3.8.99","x":-97.87,"y":-5.83,"width":581.87,"height":313.83,"images":"./01/","audio":"F:/项目/新游戏/幸福集市/psd"},"bones":[{"name":"root"},{"name":"bone","parent":"root","length":35.77,"rotation":-90,"x":0.11,"y":-0.41},{"name":"z5","parent":"bone","length":9.9,"rotation":180,"x":-105.06,"y":-11.05},{"name":"z23","parent":"z5","length":53.66,"rotation":0.33,"x":10.16,"y":0.14},{"name":"z4","parent":"z23","length":77.54,"rotation":-0.33,"x":63.71,"y":2.83},{"name":"z9","parent":"z4","length":30.59,"rotation":-154.54,"x":74.88,"y":-39.26},{"name":"z10","parent":"z9","length":31.58,"rotation":-27.37,"x":33.41,"y":-0.18},{"name":"z11","parent":"z10","length":40,"rotation":20.7,"x":33.42,"y":0.06},{"name":"z1","parent":"z23","length":29.13,"rotation":-173.59,"x":41.32,"y":-35.62},{"name":"z7","parent":"z23","length":30.38,"rotation":167.68,"x":41.88,"y":15.14},{"name":"z8","parent":"z7","length":23.99,"rotation":-7.13,"x":33.12,"y":-0.23},{"name":"z12","parent":"z5","length":34.98,"rotation":-179.14,"x":-9.33,"y":6.05},{"name":"z13","parent":"z12","length":37.97,"rotation":11.54,"x":37.36,"y":0.75},{"name":"z14","parent":"z13","length":9.79,"rotation":-13.7,"x":39.62,"y":0.17},{"name":"z15","parent":"z14","length":15.53,"rotation":-169.26,"x":10.27,"y":-0.56,"transform":"noRotationOrReflection"},{"name":"z16","parent":"z5","length":36.41,"rotation":-175.44,"x":-8.54,"y":-10.52},{"name":"z17","parent":"z16","length":36.63,"rotation":7.88,"x":40.34,"y":-0.31},{"name":"z18","parent":"z17","length":10.26,"rotation":-10.97,"x":37.6,"y":-0.48},{"name":"z19","parent":"z18","length":16.27,"rotation":-165.96,"x":11.57,"y":-0.3,"transform":"noRotationOrReflection"},{"name":"z22","parent":"z8","length":16.65,"rotation":-0.5,"x":23.63,"y":-0.12},{"name":"z21","parent":"z22","length":46.04,"rotation":-93.21,"x":23.49,"y":2.78,"transform":"noRotationOrReflection"},{"name":"z2","parent":"z1","length":12.13,"rotation":173.26,"x":48.66,"y":0.01,"scaleY":-1},{"name":"z6","parent":"z5","length":28.18,"rotation":97.29,"x":-4.54,"y":-2.43},{"name":"z20","parent":"z5","length":29.58,"rotation":-91.26,"x":-4.54,"y":-5.36},{"name":"bone2","parent":"root","length":41.38,"rotation":-90,"x":186.2,"y":-1.06},{"name":"b3","parent":"bone2","length":7.6,"rotation":176.13,"x":-109.44,"y":0.34},{"name":"b16","parent":"b3","length":52.48,"rotation":1.14,"x":7.99,"y":0.24},{"name":"b8","parent":"b16","length":80.07,"rotation":0.77,"x":66.49,"y":-4.07},{"name":"bone3","parent":"b8","length":27.5,"rotation":176.25,"x":60.39,"y":45.18},{"name":"bone4","parent":"bone3","length":27.28,"rotation":13.64,"x":30.8,"y":1.36},{"name":"bone5","parent":"bone4","length":31.72,"rotation":-19.12,"x":30.81,"y":0.54},{"name":"b4","parent":"b3","length":24.63,"rotation":95.46,"x":-3.35,"y":3.89},{"name":"b6","parent":"b4","length":27.72,"rotation":169.18,"x":-8.21,"y":-0.11},{"name":"b7","parent":"b3","length":40.81,"rotation":-171.81,"x":-9.36,"y":-8.52},{"name":"b9","parent":"b7","length":35.88,"rotation":-15.31,"x":43.47,"y":-1.23},{"name":"b10","parent":"b9","length":8.58,"rotation":15.56,"x":37.96,"y":0.06},{"name":"b11","parent":"b10","length":17.1,"rotation":73.89,"x":8.97,"y":0.65},{"name":"b12","parent":"b3","length":40.79,"rotation":-179.98,"x":-12.93,"y":3.58},{"name":"b13","parent":"b12","length":32.07,"rotation":-3.51,"x":42.88,"y":-0.54},{"name":"b14","parent":"b13","length":7.19,"rotation":10.08,"x":33.9,"y":-0.8},{"name":"b15","parent":"b14","length":13.41,"rotation":67.91,"x":7.6,"y":1.35},{"name":"b1","parent":"b16","length":31.2,"rotation":-164.61,"x":35.94,"y":-24.01},{"name":"b2","parent":"b1","length":28.58,"rotation":8.37,"x":33.68,"y":0.14},{"name":"b5","parent":"b2","length":15.58,"rotation":-12.2,"x":30.42,"y":0.02},{"name":"b17","parent":"b16","length":33.35,"rotation":176.84,"x":40.22,"y":22.75},{"name":"b18","parent":"b5","length":49.93,"rotation":-90,"x":21.37,"y":-0.56,"transform":"noRotationOrReflection"},{"name":"01","parent":"z22","length":22.1,"rotation":-160.38,"x":-333.37,"y":376.62},{"name":"04","parent":"z1","length":42.96,"rotation":-2.53,"x":90.67,"y":418.49},{"name":"4","parent":"04","length":21.84,"rotation":47.5,"x":45.54,"y":4.33},{"name":"5","parent":"04","length":25.82,"rotation":-67.2,"x":46.04,"y":-1.13},{"name":"z24","parent":"z18","length":18.8,"rotation":-76.62,"x":9.54,"y":-0.11},{"name":"z25","parent":"z14","length":15.85,"rotation":-77.54,"x":9.37,"y":-0.29},{"name":"6","parent":"b17","length":42.96,"rotation":10.1,"x":23.65,"y":182.26,"scaleY":-1},{"name":"7","parent":"6","length":21.84,"rotation":47.5,"x":45.54,"y":4.33},{"name":"8","parent":"6","length":25.82,"rotation":-67.2,"x":46.04,"y":-1.13},{"name":"1","parent":"b5","length":22.1,"rotation":171.16,"x":-47.81,"y":204.06}],"slots":[{"name":"00","bone":"root","attachment":"00"},{"name":"z7","bone":"z7","attachment":"z7"},{"name":"z6","bone":"z21","attachment":"z6"},{"name":"z8","bone":"z21","attachment":"z8"},{"name":"b8","bone":"b8","attachment":"b8"},{"name":"b7","bone":"bone3","attachment":"b7"},{"name":"b6","bone":"b12","attachment":"b6"},{"name":"b5","bone":"b7","attachment":"b5"},{"name":"b4","bone":"b17","attachment":"b4"},{"name":"b3","bone":"b6","attachment":"b3"},{"name":"b2","bone":"b18","attachment":"b2"},{"name":"b1","bone":"b1","attachment":"b1"},{"name":"04","bone":"04","attachment":"04"},{"name":"4","bone":"6","attachment":"04"},{"name":"03","bone":"01","attachment":"03"},{"name":"3","bone":"1","attachment":"03"},{"name":"02","bone":"01","attachment":"02"},{"name":"2","bone":"1","attachment":"02"},{"name":"01","bone":"01","attachment":"01"},{"name":"1","bone":"1","attachment":"01"},{"name":"z11","bone":"z12","attachment":"z11"},{"name":"z10","bone":"z16","attachment":"z10"},{"name":"z9","bone":"z9","attachment":"z9"},{"name":"z5","bone":"z5","attachment":"z5"},{"name":"z4","bone":"z4","attachment":"z4"},{"name":"z2","bone":"z2","attachment":"z2"},{"name":"z1","bone":"z1","attachment":"z1"},{"name":"z3","bone":"z2","attachment":"z3"}],"skins":[{"name":"default","attachments":{"00":{"00":{"x":-0.12,"y":3.45,"width":103,"height":17}},"01":{"01":{"x":0.5,"y":-0.72,"rotation":-90,"width":36,"height":26}},"1":{"01":{"x":0.5,"y":-0.72,"rotation":-90,"width":36,"height":26}},"02":{"02":{"x":1.26,"y":2.44,"rotation":-90,"width":30,"height":30}},"2":{"02":{"x":1.26,"y":2.44,"rotation":-90,"width":30,"height":30}},"03":{"03":{"x":0.5,"y":2.19,"rotation":-90,"width":40,"height":36}},"3":{"03":{"x":0.5,"y":2.19,"rotation":-90,"width":40,"height":36}},"04":{"04":{"type":"mesh","uvs":[0.31306,0.00462,0.28835,0.29346,0.25128,0.45562,0.07211,0.61271,0,0.71405,0,1,0.25128,1,0.61578,1,0.88762,0.99783,1,0.85087,1,0.5671,1,0.37454,0.88144,0.15157,0.65285,0],"triangles":[6,4,3,3,2,6,10,6,2,6,5,4,6,10,7,8,7,9,7,10,9,1,10,2,12,1,13,1,0,13,11,10,1,1,12,11],"vertices":[1,47,-13.37,-15.75,1,2,47,12.13,-19.43,0.95599,49,3.73,-38.35,0.04401,2,47,26.33,-23.19,0.66483,49,12.7,-26.72,0.33517,2,47,39.31,-37.26,0.13602,49,30.7,-20.21,0.86398,3,47,47.92,-43.18,0.03636,48,-33.42,-33.85,0,49,39.49,-14.56,0.96364,1,49,51.05,8.11,1,2,48,-3.25,-42.46,0.03124,49,34.7,16.44,0.96876,2,48,17.63,-25.97,0.49309,49,11,28.53,0.50691,2,48,33.09,-13.53,0.90152,49,-6.77,37.37,0.09848,3,47,65.43,28.73,7.0E-5,48,31.42,1.82,0.99738,49,-20.02,29.44,0.00255,3,47,40.24,30.59,0.2745,48,15.77,21.65,0.7255,49,-31.49,6.94,0,2,47,23.15,31.85,0.64366,48,5.15,35.1,0.35634,2,47,2.72,24.67,0.92518,48,-13.94,45.31,0.07482,2,47,-11.96,9.02,0.99844,48,-35.39,45.56,0.00156],"hull":14,"edges":[0,2,2,4,4,6,6,8,8,10,10,12,12,14,14,16,16,18,18,20,20,22,22,24,24,26,0,26],"width":73,"height":89}},"4":{"04":{"type":"mesh","uvs":[0.31306,0.00462,0.28835,0.29346,0.25128,0.45562,0.07211,0.61271,0,0.71405,0,1,0.25128,1,0.61578,1,0.88762,0.99783,1,0.85087,1,0.5671,1,0.37454,0.88144,0.15157,0.65285,0],"triangles":[6,4,3,3,2,6,10,6,2,6,5,4,6,10,7,8,7,9,7,10,9,1,10,2,12,1,13,1,0,13,11,10,1,1,12,11],"vertices":[1,52,-13.37,-15.75,1,2,52,12.13,-19.43,0.95599,54,3.73,-38.35,0.04401,2,52,26.33,-23.19,0.66483,54,12.7,-26.72,0.33517,2,52,39.31,-37.26,0.13602,54,30.7,-20.21,0.86398,3,52,47.92,-43.18,0.03636,53,-33.42,-33.85,0,54,39.49,-14.56,0.96364,1,54,51.05,8.11,1,2,53,-3.25,-42.46,0.03124,54,34.7,16.44,0.96876,2,53,17.63,-25.97,0.49309,54,11,28.53,0.50691,2,53,33.09,-13.53,0.90152,54,-6.77,37.37,0.09848,3,52,65.43,28.73,7.0E-5,53,31.42,1.82,0.99738,54,-20.02,29.44,0.00255,3,52,40.24,30.59,0.2745,53,15.77,21.65,0.7255,54,-31.49,6.94,0,2,52,23.15,31.85,0.64366,53,5.15,35.1,0.35634,2,52,2.72,24.67,0.92518,53,-13.94,45.31,0.07482,2,52,-11.96,9.02,0.99844,53,-35.39,45.56,0.00156],"hull":14,"edges":[0,2,2,4,4,6,6,8,8,10,10,12,12,14,14,16,16,18,18,20,20,22,22,24,24,26,0,26],"width":73,"height":89}},"b1":{"b1":{"type":"mesh","uvs":[0.15609,0.10194,0.06409,0.2299,0.0692,0.39299,0.1612,0.54354,0.30943,0.5887,0.42187,0.74175,0.42698,0.82204,0.45254,0.92492,0.65698,0.96004,0.89209,0.90735,0.93809,0.81452,0.80009,0.65644,0.76431,0.45572,0.70298,0.26252,0.54965,0.09441,0.33498,0.06681,0.31104,0.21585,0.39282,0.39399,0.54615,0.59723,0.62282,0.76534],"triangles":[9,8,19,8,7,19,7,6,19,9,19,10,6,5,19,19,11,10,11,19,18,19,5,18,5,4,18,18,12,11,12,18,17,18,4,17,4,3,17,3,2,17,17,13,12,2,16,17,17,16,13,2,1,16,16,14,13,1,0,16,16,15,14,16,0,15],"vertices":[1,41,-8.06,-6.85,1,1,41,4.58,-14.78,1,2,41,22.15,-18.45,0.92604,42,-14.12,-16.71,0.07396,2,41,39.39,-17.23,0.37124,42,3.12,-18.02,0.62876,2,41,46,-10.51,0.08141,42,10.63,-12.33,0.91859,2,42,28.52,-12.71,0.63715,43,0.84,-12.85,0.36285,2,42,36.87,-15.62,0.15024,43,9.6,-13.93,0.84976,2,42,47.92,-18.4,0.0063,43,21,-14.31,0.9937,1,43,26.51,-3.99,1,1,43,22.74,9.44,1,1,43,13.03,13.47,1,2,42,27.1,9.72,0.73799,43,-5.3,8.78,0.26201,2,41,37.11,16.66,0.38071,42,5.8,15.85,0.61929,2,41,15.65,18.09,0.99516,42,-15.23,20.38,0.00484,1,41,-4.21,14.07,1,1,41,-9.71,3.42,1,1,41,6,-1.43,1,1,41,26.09,-1.42,1,1,42,16.1,-0.74,1,2,42,34.84,-3.51,0.07536,43,5.07,-2.52,0.92464],"hull":16,"edges":[0,2,2,4,4,6,6,8,8,10,10,12,12,14,14,16,16,18,18,20,20,22,22,24,24,26,26,28,28,30,0,30],"width":54,"height":110}},"b2":{"b2":{"x":23.75,"y":-4.24,"rotation":90,"width":57,"height":83}},"b3":{"b3":{"type":"mesh","uvs":[0.42838,0.1657,0.34006,0.2071,0.25726,0.24022,0.12754,0.283,0.11374,0.38926,0.14686,0.51898,0.09994,0.6004,0.00334,0.69838,0,0.84604,5.8E-4,0.94126,0.19102,0.98542,0.51394,1,0.78994,0.98956,0.92794,0.91918,0.93622,0.77566,0.90034,0.55762,0.94174,0.4624,0.90034,0.3589,0.77338,0.29404,0.73198,0.23332,0.6409,0.18088,0.30676,0.32996,0.511,0.36032,0.77872,0.39206,0.30124,0.51626,0.5248,0.53282,0.7732,0.55076,0.22948,0.65288,0.49996,0.68048,0.81184,0.7067,0.21844,0.80605,0.4972,0.84331,0.79804,0.85711],"triangles":[12,11,32,12,32,13,32,11,31,13,32,14,32,29,14,32,31,29,31,28,29,31,30,28,28,26,29,28,27,25,10,31,11,10,30,31,10,9,30,9,8,30,8,7,30,30,27,28,30,7,27,29,15,14,29,26,15,28,25,26,15,26,16,26,23,16,26,25,23,7,6,27,25,27,24,27,6,24,24,6,5,24,22,25,25,22,23,5,4,24,24,21,22,24,4,21,23,17,16,22,18,23,23,18,17,4,3,21,21,1,22,22,1,20,22,19,18,22,20,19,20,1,0,3,2,21,21,2,1],"vertices":[1,26,71.49,5.1,1,2,26,62.8,13.53,0.99892,31,4.05,-74.58,0.00108,2,26,55.79,21.48,0.98828,31,12.51,-68.19,0.01172,2,26,46.63,34.03,0.95543,31,25.72,-60,0.04457,2,26,25.33,34.4,0.82431,31,27.69,-38.79,0.17569,2,26,-0.42,29.86,0.26954,31,25.1,-12.77,0.73046,2,31,30.24,3.38,0.90297,37,-3.35,-30.09,0.09703,2,31,40.44,22.7,0.40076,37,16.85,-38.41,0.59924,2,31,41.59,52.21,0.07583,37,46.34,-36.76,0.92417,2,31,42.07,71.25,0.01938,37,65.34,-35.43,0.98062,3,31,23.27,80.61,0.0023,37,72.87,-15.83,0.95592,33,71.68,-38.51,0.04178,2,37,73.61,16.58,0.41297,33,77.02,-6.53,0.58703,3,32,43.48,-76.41,0.01184,37,69.68,43.98,0.04343,33,77.02,21.15,0.94473,3,32,54.84,-60.3,0.04999,37,54.71,56.8,5.3E-4,33,64.03,35.97,0.94948,2,32,51.05,-31.83,0.26527,33,35.47,38.96,0.73473,3,26,-4.56,-45.77,0.10235,32,40.52,10.63,0.89716,33,-8.29,38.67,4.9E-4,2,26,14.66,-49,0.38356,32,41.55,30.09,0.61644,2,26,35.14,-43.88,0.64382,32,34.14,49.86,0.35618,2,26,47.49,-30.58,0.86106,32,19.53,60.63,0.13894,2,26,59.43,-25.87,0.95961,32,13.49,71.95,0.04039,2,26,69.47,-16.27,0.99288,32,2.82,80.84,0.00712,2,26,38.1,15.68,0.96646,31,8.06,-50.12,0.03354,2,26,33,-5.01,0.98046,32,-4.24,43.34,0.01954,2,26,27.94,-32.05,0.65393,32,23.2,41.37,0.34607,2,26,0.85,14.46,0.44617,31,9.65,-12.88,0.55383,2,26,-1.39,-8.03,0.47721,32,2.65,9.51,0.52279,2,26,-3.79,-33.01,0.11555,32,27.75,9.95,0.88445,2,31,17.58,14.23,0.48552,37,6.25,-16.46,0.51448,2,37,9.95,10.9,0.15526,33,13.2,-3.11,0.84474,2,32,36.56,-20.22,0.4727,33,20.78,27.6,0.5273,2,31,19.54,44.82,0.06168,37,36.89,-15.5,0.93832,2,37,42.46,12.81,0.32933,33,45.65,-5.84,0.67067,3,32,40.03,-50.13,0.07638,37,43.2,43.01,2.2E-4,33,50.67,23.95,0.9234],"hull":21,"edges":[0,2,2,4,4,6,6,8,8,10,10,12,12,14,14,16,16,18,18,20,20,22,22,24,24,26,26,28,28,30,30,32,32,34,34,36,36,38,38,40,0,40],"width":100,"height":200}},"b4":{"b4":{"x":20.55,"y":7.13,"rotation":95.89,"width":60,"height":142}},"b5":{"b5":{"type":"mesh","uvs":[0.34355,0,0.0963,0,0,0.08547,0,0.28656,0.0618,0.47581,0.12505,0.63353,0.17105,0.72027,0.06755,0.7873,0.09055,0.89178,0.47005,0.8977,0.9818,0.89967,1,0.8011,0.94155,0.72224,0.74605,0.6907,0.80355,0.54481,0.93005,0.39301,0.9818,0.22741,0.99905,0.05787,0.75755,0,0.72704,0.82602,0.34179,0.78462,0.54304,0.74322,0.41079,0.61114,0.42804,0.45145,0.42804,0.24051,0.47404,0.11039],"triangles":[19,21,13,19,13,12,19,12,11,19,9,20,19,20,21,10,19,11,9,19,10,20,6,21,7,6,20,8,7,20,8,20,9,4,3,23,14,23,15,22,4,23,22,23,14,5,4,22,13,22,14,6,5,22,21,22,13,6,22,21,25,0,18,17,25,18,16,25,17,0,2,1,24,25,16,25,3,2,2,0,25,24,3,25,15,24,16,23,24,15,3,24,23],"vertices":[1,33,-22.15,-5.61,1,1,33,-23.04,-17.44,1,1,33,-11.46,-22.95,1,2,33,16.61,-25.08,0.9167,34,-19.6,-30.09,0.0833,2,33,43.26,-24.12,0.21962,34,5.85,-22.13,0.78038,2,34,26.94,-14.94,0.9867,35,-14.64,-11.49,0.0133,2,34,38.44,-10.46,0.41176,35,-2.36,-10.26,0.58824,2,34,48.6,-13.55,0.00944,35,6.6,-15.96,0.99056,2,35,21.27,-16.02,0.93965,36,-12.61,-16.44,0.06035,2,35,23.55,2.07,0.15498,36,5.4,-13.61,0.84502,1,36,29.52,-8.97,1,2,34,41.97,30.76,0.02363,36,27.62,4.73,0.97637,2,34,31.66,25.9,0.15895,36,22.66,14.98,0.84105,3,34,29.12,15.85,0.54387,35,-4.29,17.58,0.00535,36,12.59,17.44,0.45078,3,33,55.58,10.66,0.168,34,8.54,14.66,0.82681,36,11.21,38,0.00519,2,33,34.84,18.31,0.97486,34,-13.48,16.57,0.02514,1,33,11.91,22.54,1,1,33,-11.69,25.15,1,1,33,-20.65,14.21,1,1,36,15.48,-1.31,1,1,35,7.27,-2.81,1,3,34,38.19,7.68,0.30159,35,2.27,7.28,0.19449,36,4.51,8.28,0.50392,1,34,21.25,-2.07,1,2,33,41.18,-6.33,0.34764,34,-0.85,-5.52,0.65236,2,33,11.73,-4.1,0.9973,34,-29.84,-11.15,0.0027,1,33,-6.26,-0.53,1],"hull":19,"edges":[0,2,2,4,4,6,6,8,8,10,10,12,12,14,14,16,16,18,18,20,20,22,22,24,24,26,26,28,28,30,30,32,32,34,34,36,0,36],"width":48,"height":140}},"b6":{"b6":{"type":"mesh","uvs":[0.35012,0,0.66376,0,0.94603,0.03145,0.98994,0.09453,0.93349,0.27196,0.78921,0.49079,0.71394,0.65836,0.8143,0.71159,1,0.75496,1,0.85353,0.88958,0.88705,0.48185,0.87719,0.06158,0.87719,0,0.87127,0,0.76679,0.04276,0.66822,0,0.4829,0,0.21873,0,0.07285,0.23094,0,0.524,0.12962,0.49264,0.33662,0.42364,0.53968,0.37973,0.69345,0.2731,0.76639,0.53028,0.73485,0.72473,0.80385],"triangles":[26,25,7,26,7,8,26,8,9,11,24,25,11,25,26,10,26,9,11,26,10,14,15,24,12,13,14,24,12,14,12,24,11,22,16,21,6,22,5,15,16,22,23,15,22,6,23,22,25,23,6,25,6,7,24,15,23,24,23,25,20,0,1,3,20,1,3,1,2,20,17,18,19,0,20,20,18,19,4,20,3,21,17,20,21,20,4,16,17,21,5,21,4,5,22,21],"vertices":[1,37,-25.15,-9.09,1,1,37,-26.08,4.68,1,1,37,-22.52,17.37,1,1,37,-13.84,19.89,1,1,37,11.11,19.08,1,2,37,42.11,14.8,0.73517,38,-1.71,15.27,0.26483,3,37,65.73,13.07,0.00159,38,21.98,14.98,0.77444,40,8.85,21.47,0.22397,2,38,28.8,20.32,0.38934,40,15.49,15.91,0.61066,2,38,33.78,29.2,0.12282,40,25.21,12.89,0.87718,2,38,47.46,30.96,0.00632,40,29.78,-0.13,0.99368,1,40,26.75,-6.17,1,2,39,21.14,5.97,0.12005,40,9.37,-10.81,0.87995,2,39,20.26,-12.5,0.9731,40,-8.08,-16.94,0.0269,2,39,19.31,-15.17,0.98896,40,-10.91,-17.06,0.01104,2,38,41.05,-14.23,0.02778,39,4.69,-14.47,0.97222,2,38,27.12,-14.13,0.66083,39,-9,-11.94,0.33917,2,37,43.33,-19.92,0.26397,38,1.63,-19.31,0.73603,2,37,6.43,-22.4,0.99847,38,-35.05,-24.05,0.00153,1,37,-13.95,-23.77,1,1,37,-24.8,-14.32,1,1,37,-7.56,-0.24,1,1,37,21.45,0.33,1,3,37,50.01,-0.79,7.2E-4,38,7.13,0.19,0.99927,40,-8.71,32.92,1.0E-5,2,38,28.73,1.03,0.98237,40,-3.4,11.97,0.01763,1,39,5.21,-2.47,1,3,38,33.63,8.34,0.52166,39,1.34,9.04,0.00258,40,4.78,8.69,0.47576,2,38,42.12,18.06,0.03765,40,16.05,2.42,0.96235],"hull":20,"edges":[0,2,2,4,4,6,6,8,8,10,10,12,12,14,14,16,16,18,18,20,20,22,22,24,24,26,26,28,28,30,30,32,32,34,34,36,36,38,0,38],"width":44,"height":140}},"b7":{"b7":{"x":44.81,"y":4.51,"rotation":95.71,"width":1,"height":1}},"b8":{"b8":{"x":40.51,"y":-3.55,"rotation":-88.04,"width":180,"height":160}},"z1":{"z1":{"x":24.3,"y":-15.95,"rotation":83.26,"width":80,"height":130}},"z2":{"z2":{"x":-21.85,"y":-6.36,"rotation":-90,"width":56,"height":51}},"z3":{"z3":{"x":1.39,"y":-2.72,"rotation":-90,"width":34,"height":33}},"z4":{"z4":{"x":43.38,"y":-1.41,"rotation":-90,"width":170,"height":150}},"z5":{"z5":{"type":"mesh","uvs":[0.32347,0.16176,0.30507,0.22277,0.21077,0.29831,0.15097,0.38546,0.14867,0.47989,0.19237,0.53509,0.17627,0.66001,0.17627,0.77767,0.19697,0.9273,0.30277,0.96942,0.57417,0.9854,0.78807,0.96361,0.90997,0.90696,0.90077,0.71957,0.79957,0.55252,0.74437,0.49732,0.80417,0.38401,0.79957,0.25037,0.65697,0.18355,0.56267,0.13561,0.44997,0.11382,0.34867,0.30672,0.63847,0.31107,0.48666,0.23989,0.38547,0.47667,0.63847,0.47957,0.39238,0.60741,0.65688,0.61176,0.52349,0.72652,0.36939,0.78463,0.5902,0.8776,0.73739,0.80206],"triangles":[10,30,11,10,9,30,30,31,11,11,31,12,31,13,12,29,28,30,30,28,31,28,27,31,28,26,27,9,29,30,9,8,29,8,7,29,28,29,26,29,7,6,31,27,13,27,14,13,26,25,27,27,15,14,27,25,15,26,29,6,6,5,26,5,24,26,26,24,25,5,4,24,24,3,21,21,3,2,4,3,24,15,25,16,24,22,25,25,22,16,22,21,23,22,24,21,22,17,16,22,18,17,22,23,18,2,1,21,21,1,23,1,0,23,0,20,23,23,19,18,23,20,19],"vertices":[1,3,67.99,14.81,1,2,3,56.41,17.08,0.99756,22,10.81,-72.97,0.00244,2,3,42.13,28.48,0.956,22,23.85,-60.17,0.044,2,3,25.61,35.75,0.83684,22,33.07,-44.66,0.16316,2,3,7.67,36.14,0.61943,22,35.62,-26.9,0.38057,2,3,-2.85,30.95,0.36147,22,31.75,-15.83,0.63853,2,22,36.68,7.47,0.76868,11,6.87,-27.06,0.23132,2,22,39.52,29.65,0.17395,11,29.22,-27.4,0.82605,3,22,40.66,58.16,0.00543,11,57.68,-25.34,0.97492,15,55.4,-45.59,0.01965,2,11,65.88,-12.77,0.88092,15,64.39,-33.57,0.11908,3,23,11,-73.67,0.00228,11,69.41,19.75,0.22947,15,70,-1.35,0.76825,3,23,36.58,-68.96,0.05279,11,65.65,45.48,0.00729,15,67.92,24.57,0.93992,2,23,50.96,-57.88,0.10757,15,58.35,40.01,0.89243,2,23,49.08,-22.31,0.4692,15,22.77,41.74,0.5308,2,3,-6.59,-41.89,0.06002,23,36.24,9.16,0.93998,2,3,3.94,-35.33,0.34719,23,29.39,19.5,0.65281,2,3,25.43,-42.63,0.77197,23,36.09,41.18,0.22803,2,3,50.82,-42.23,0.928,23,34.98,66.55,0.072,2,3,63.62,-25.19,0.98254,23,17.6,78.87,0.01746,2,3,72.79,-13.93,0.99858,23,6.08,87.72,0.00142,1,3,77.01,-0.43,1,2,3,40.43,11.94,0.98792,22,7.64,-56.49,0.01208,2,3,39.4,-22.83,0.927,23,15.91,54.6,0.073,2,3,53.03,-4.69,0.99831,23,-2.6,67.72,0.00169,2,3,8.11,7.72,0.88731,22,7.36,-23.9,0.11269,2,3,7.39,-22.64,0.52852,23,16.61,22.59,0.47148,2,22,9.69,0.85,0.84516,11,-2.73,-0.98,0.15485,2,23,19.37,-2.47,0.92664,15,0.03,14.19,0.07336,2,11,20.13,14.41,0.13803,15,20.49,-3.5,0.86197,2,22,16.7,33.9,0.01371,11,30.89,-4.25,0.98629,3,23,12.48,-53.15,0.0077,11,48.95,21.98,0.1043,15,49.74,2.2,0.888,2,23,29.82,-38.41,0.15915,15,36.84,20.95,0.84085],"hull":21,"edges":[0,2,2,4,4,6,6,8,8,10,10,12,12,14,14,16,16,18,18,20,20,22,22,24,24,26,26,28,28,30,30,32,32,34,34,36,36,38,38,40,0,40],"width":120,"height":190}},"z6":{"z6":{"x":6.02,"y":-6.63,"rotation":91.31,"width":53,"height":56}},"z7":{"z7":{"type":"mesh","uvs":[0.53756,0.30913,0.38156,0.37554,0.33606,0.45891,0.25806,0.55641,0.09,0.60304,0.09,0.65673,0.16706,0.6913,0.32306,0.6913,0.54406,0.6913,0.58306,0.64543,0.73906,0.6101,0.84306,0.50413,0.91,0.41652,0.91,0.3275,0.81706,0.3087],"triangles":[4,3,9,5,4,9,7,6,5,9,7,5,8,7,9,3,2,11,10,3,11,9,3,10,12,1,13,12,2,1,11,2,12,0,14,13,13,1,0],"vertices":[1,9,-6.06,-10.85,1,1,9,10.5,-15.3,1,2,9,29.73,-13.54,0.63282,10,-1.71,-13.64,0.36718,3,9,52.47,-12.7,1.1E-4,10,20.75,-9.97,0.50679,19,-2.79,-9.87,0.49311,1,19,10.14,-14.19,1,1,19,21.77,-10.04,1,1,19,27.97,-3.74,1,1,19,25.35,3.61,1,2,10,45.38,13.7,0.01171,19,21.64,14.02,0.98829,2,10,34.78,12.09,0.21669,19,11.04,12.31,0.78331,2,10,24.54,16.79,0.80345,19,0.77,16.93,0.19655,2,9,34.63,13.41,0.45198,10,-0.19,13.72,0.54802,1,9,14.23,12.5,1,1,9,-5.8,8.25,1,1,9,-9.06,2.8,1],"hull":15,"edges":[0,2,2,4,4,6,6,8,8,10,10,12,12,14,14,16,16,18,18,20,20,22,22,24,24,26,26,28,0,28],"width":50,"height":230}},"z8":{"z8":{"x":32.01,"y":1.93,"rotation":91.31,"width":49,"height":81}},"z9":{"z9":{"x":45.44,"y":-10.4,"rotation":64.54,"width":1,"height":1}},"z10":{"z10":{"type":"mesh","uvs":[0.36054,0.01428,0.17286,0.05371,0.07902,0.09905,0.10662,0.21734,0.19494,0.39871,0.28326,0.56234,0.42678,0.71808,0.25566,0.75948,0.10662,0.83045,0.14526,0.89748,0.58134,0.90142,0.86838,0.90142,1,0.90339,1,0.81468,0.91254,0.72005,0.9291,0.57022,0.89046,0.42434,0.8739,0.20157,0.80214,0.03794,0.60894,0,0.44427,0.29581,0.53258,0.50872,0.62642,0.68615,0.72026,0.80247,0.60434,0.77684],"triangles":[10,9,8,24,7,6,10,7,24,10,8,7,23,24,14,23,14,13,10,24,23,11,23,13,10,23,11,11,13,12,5,4,21,21,16,15,22,21,15,5,21,22,6,5,22,14,22,15,24,6,22,24,22,14,3,2,1,0,17,20,18,0,19,17,0,18,3,1,0,20,3,0,4,3,20,20,17,16,21,20,16,4,20,21],"vertices":[1,15,-23.72,-3.07,1,1,15,-18.96,-12.86,1,1,15,-13.01,-18.04,1,1,15,3.61,-17.98,1,2,15,29.27,-15.6,0.85584,16,-13.06,-13.62,0.14416,3,15,52.46,-13.01,0.00286,16,10.26,-14.24,0.99619,17,-24.22,-18.71,9.5E-4,3,16,33.1,-11.93,0.34772,17,-2.24,-12.09,0.22693,50,8.94,-14.23,0.42535,3,16,36.91,-21.53,0.01232,17,3.33,-20.8,0.0333,50,18.69,-10.82,0.95438,1,50,28.44,-3.13,1,1,50,28.98,6.44,1,2,17,23.62,-5.03,0.53536,50,8.04,12.56,0.46464,3,16,62.92,4.1,0.01005,17,23.98,9.32,0.98953,50,-5.83,16.23,4.2E-4,2,16,64.61,10.47,0.01725,17,24.43,15.89,0.98275,2,16,52.48,13.14,0.14143,17,12.01,16.21,0.85857,2,16,38.6,11.73,0.81743,17,-1.34,12.18,0.18257,2,15,56.12,19.09,0.03687,16,18.29,17.05,0.96313,2,15,35.61,18.79,0.68691,16,-2.07,19.57,0.31309,1,15,4.46,20.44,1,1,15,-18.67,18.68,1,1,15,-24.73,9.47,1,1,15,15.9,-2.02,1,1,16,5.61,-0.45,1,3,16,30.88,-1.22,0.95613,17,-6.45,-2,0.03083,50,-1.86,-16,0.01304,2,16,47.79,-0.15,0.02794,17,9.95,2.27,0.97206,2,17,6.21,-3.43,0.47809,50,2.46,-4.01,0.52191],"hull":20,"edges":[0,2,2,4,4,6,6,8,8,10,10,12,12,14,14,16,16,18,18,20,20,22,22,24,24,26,26,28,28,30,30,32,32,34,34,36,36,38,0,38],"width":50,"height":140}},"z11":{"z11":{"type":"mesh","uvs":[0.33262,0.00519,0.12862,0.04638,0,0.11435,0,0.25441,0.08662,0.43567,0.25462,0.60044,0.35062,0.71373,0.20062,0.75904,0.06262,0.80435,0.08662,0.8888,0.41062,0.89086,0.81262,0.89292,1,0.89292,1,0.80435,0.95062,0.7714,0.88462,0.7302,0.86662,0.58602,0.86062,0.42125,0.86662,0.25853,0.85462,0.09788,0.69862,0,0.41196,0.22025,0.44796,0.36031,0.56796,0.5601,0.67597,0.71252,0.62197,0.77843,0.78996,0.8258],"triangles":[10,9,8,25,7,6,10,7,25,10,8,7,26,15,14,26,14,13,26,25,15,10,25,26,12,11,26,10,26,11,12,26,13,23,17,16,5,4,23,24,23,16,6,5,23,24,6,23,24,16,15,25,6,24,15,25,24,19,21,0,19,0,20,1,0,21,2,1,21,3,2,21,21,19,18,22,21,18,3,21,22,17,22,18,4,3,22,23,22,17,4,22,23],"vertices":[1,11,-24.18,-5.96,1,1,11,-18.8,-15.43,1,1,11,-9.78,-21.48,1,1,11,8.98,-21.77,1,2,11,33.33,-18.15,0.88358,12,-7.73,-17.71,0.11642,3,11,55.52,-10.75,0.02621,12,15.49,-14.91,0.96647,51,13.29,-32.88,0.00733,2,12,31.27,-13.85,0.66787,51,11.9,-17.14,0.33213,2,12,35.72,-21.89,0.20324,51,19.84,-12.51,0.79676,2,12,40.28,-29.4,0.04612,51,27.24,-7.79,0.95388,1,51,28.35,3.53,1,2,13,18.87,-12.31,0.02099,51,13.78,6.68,0.97901,2,13,18.73,6.19,0.9986,51,-4.31,10.53,0.0014,1,13,18.53,14.8,1,2,12,49.54,12.72,0.00177,13,6.67,14.53,0.99823,2,12,44.74,11.44,0.04678,13,2.3,12.16,0.95322,2,12,38.7,9.67,0.35766,13,-3.15,9,0.64234,2,12,19.65,13.01,0.99651,13,-22.44,7.73,0.00349,2,11,31.93,17.48,0.50275,12,-1.97,17.48,0.49725,2,11,10.14,18.09,0.99025,12,-23.21,22.43,0.00975,1,11,-11.4,17.86,1,1,11,-24.62,10.88,1,1,11,4.69,-2.75,1,1,11,23.48,-1.37,1,1,12,13.31,0.33,1,2,12,34.32,0.8,0.96836,13,-5.3,-0.65,0.03164,3,12,42.42,-3.52,0.11319,13,3.59,-2.93,0.65337,51,1.33,-6.22,0.23344,1,13,9.76,4.94,1],"hull":21,"edges":[0,2,2,4,4,6,6,8,8,10,10,12,12,14,14,16,16,18,18,20,20,22,22,24,24,26,26,28,28,30,30,32,32,34,34,36,36,38,38,40,0,40],"width":46,"height":134}}}}],"animations":{"bei-zhanli":{"slots":{"01":{"attachment":[{"name":null}]},"1":{"attachment":[{"name":null}]},"02":{"attachment":[{"name":null}]},"2":{"attachment":[{"name":null}]},"03":{"attachment":[{"name":null}]},"3":{"attachment":[{"name":null}]},"04":{"attachment":[{"name":null}]},"4":{"attachment":[{"name":null}]},"b2":{"attachment":[{"name":null}]},"z1":{"attachment":[{"name":null}]},"z2":{"attachment":[{"name":null}]},"z3":{"attachment":[{"name":null}]},"z4":{"attachment":[{"name":null}]},"z5":{"attachment":[{"name":null}]},"z6":{"attachment":[{"name":null}]},"z7":{"attachment":[{"name":null}]},"z8":{"attachment":[{"name":null}]},"z9":{"attachment":[{"name":null}]},"z10":{"attachment":[{"name":null}]},"z11":{"attachment":[{"name":null}]}},"bones":{"bone":{"translate":[{"x":301.45}]},"bone2":{"rotate":[{},{"time":0.6667,"angle":0.5},{"time":1.3333},{"time":2,"angle":-0.5},{"time":2.6667}],"translate":[{"x":-185.9}]},"b16":{"rotate":[{"angle":2.28},{"time":0.6667,"angle":3.83},{"time":1.3333,"angle":2.28},{"time":2,"angle":0.9},{"time":2.6667,"angle":2.28}]},"b8":{"rotate":[{},{"time":0.6667,"angle":-3.32},{"time":1.3333},{"time":2,"angle":2.27},{"time":2.6667}]},"bone3":{"rotate":[{},{"time":0.6667,"angle":2.02},{"time":1.3333},{"time":2,"angle":-2.25},{"time":2.6667}]},"b1":{"rotate":[{"angle":-11.28},{"time":0.6667,"angle":-8},{"time":1.3333,"angle":-11.28},{"time":2,"angle":-14.8},{"time":2.6667,"angle":-11.28}]},"b2":{"rotate":[{"angle":3.57},{"time":0.6667,"angle":13.09},{"time":1.3333,"angle":3.57},{"time":2,"angle":-2.24},{"time":2.6667,"angle":3.57}]},"b5":{"rotate":[{"angle":-11.41},{"time":0.6667,"angle":0.6},{"time":1.3333,"angle":-11.41},{"time":2,"angle":17.47},{"time":2.6667,"angle":-11.41}]},"b17":{"rotate":[{},{"time":0.6667,"angle":-5.6},{"time":1.3333},{"time":2,"angle":5.57},{"time":2.6667}]}}},"bei-zhanli+daizi":{"slots":{"01":{"attachment":[{"name":null}]},"1":{"attachment":[{"name":null}]},"02":{"attachment":[{"name":null}]},"2":{"attachment":[{"name":null}]},"03":{"attachment":[{"name":null}]},"3":{"attachment":[{"name":null}]},"04":{"attachment":[{"name":null}]},"4":{"attachment":[{"name":null}]},"z1":{"attachment":[{"name":null}]},"z2":{"attachment":[{"name":null}]},"z3":{"attachment":[{"name":null}]},"z4":{"attachment":[{"name":null}]},"z5":{"attachment":[{"name":null}]},"z6":{"attachment":[{"name":null}]},"z7":{"attachment":[{"name":null}]},"z8":{"attachment":[{"name":null}]},"z9":{"attachment":[{"name":null}]},"z10":{"attachment":[{"name":null}]},"z11":{"attachment":[{"name":null}]}},"bones":{"bone":{"translate":[{"x":301.45}]},"bone2":{"rotate":[{},{"time":0.6667,"angle":0.5},{"time":1.3333},{"time":2,"angle":-0.5},{"time":2.6667}],"translate":[{"x":-185.9}]},"b16":{"rotate":[{"angle":2.28},{"time":0.6667,"angle":3.83},{"time":1.3333,"angle":2.28},{"time":2,"angle":0.9},{"time":2.6667,"angle":2.28}]},"b8":{"rotate":[{},{"time":0.6667,"angle":-3.32},{"time":1.3333},{"time":2,"angle":2.27},{"time":2.6667}]},"bone3":{"rotate":[{},{"time":0.6667,"angle":2.02},{"time":1.3333},{"time":2,"angle":-2.25},{"time":2.6667}]},"b1":{"rotate":[{"angle":-11.28},{"time":0.6667,"angle":-8},{"time":1.3333,"angle":-11.28},{"time":2,"angle":-14.8},{"time":2.6667,"angle":-11.28}]},"b2":{"rotate":[{"angle":-6.01},{"time":0.6667,"angle":-5.5},{"time":1.3333,"angle":3.57},{"time":2,"angle":-2.24},{"time":2.6667,"angle":-6.01}]},"b5":{"rotate":[{"angle":5.75},{"time":0.6667,"angle":0.6},{"time":1.3333,"angle":-4.04},{"time":2,"angle":17.47},{"time":2.6667,"angle":5.75}]},"b17":{"rotate":[{},{"time":0.6667,"angle":-5.6},{"time":1.3333},{"time":2,"angle":5.57},{"time":2.6667}]}}},"bei-zhuangdai":{"slots":{"01":{"attachment":[{"name":null}]},"1":{"attachment":[{"time":0.3667,"name":null}]},"02":{"attachment":[{"name":null}]},"2":{"attachment":[{"name":null},{"time":0.6667,"name":"02"},{"time":1.0333,"name":null}]},"03":{"attachment":[{"name":null}]},"3":{"attachment":[{"name":null},{"time":1.3333,"name":"03"},{"time":1.7,"name":null}]},"04":{"attachment":[{"name":null}]},"b2":{"attachment":[{"name":null}]},"z1":{"attachment":[{"name":null}]},"z2":{"attachment":[{"name":null}]},"z3":{"attachment":[{"name":null}]},"z4":{"attachment":[{"name":null}]},"z5":{"attachment":[{"name":null}]},"z6":{"attachment":[{"name":null}]},"z7":{"attachment":[{"name":null}]},"z8":{"attachment":[{"name":null}]},"z9":{"attachment":[{"name":null}]},"z10":{"attachment":[{"name":null}]},"z11":{"attachment":[{"name":null}]}},"bones":{"bone":{"translate":[{"x":301.45}]},"bone2":{"translate":[{"x":-185.9}]},"b16":{"rotate":[{"angle":-13.01},{"time":0.3333,"angle":-19.33},{"time":0.6667,"angle":-13.01},{"time":1,"angle":-19.33},{"time":1.3333,"angle":-13.01},{"time":1.6667,"angle":-19.33},{"time":2,"angle":-6.57}]},"b8":{"rotate":[{},{"time":0.3333,"angle":-7.25},{"time":0.6667},{"time":1,"angle":-7.25},{"time":1.3333},{"time":1.6667,"angle":-7.25},{"time":2,"angle":4.36}]},"bone3":{"rotate":[{},{"time":0.3333,"angle":-4.31},{"time":0.6667},{"time":1,"angle":-4.31},{"time":1.3333},{"time":1.6667,"angle":-4.31},{"time":2,"angle":2.04}]},"b1":{"rotate":[{"angle":44.9},{"time":0.3333,"angle":-3.31},{"time":0.6667,"angle":44.9},{"time":1,"angle":-3.31},{"time":1.3333,"angle":44.9},{"time":1.6667,"angle":-3.31},{"time":2,"angle":0.52}]},"b2":{"rotate":[{"angle":17.32},{"time":0.3333,"angle":25.17},{"time":0.6667,"angle":17.32},{"time":1,"angle":25.17},{"time":1.3333,"angle":17.32},{"time":1.6667,"angle":25.17},{"time":2,"angle":13.22}]},"b5":{"rotate":[{"angle":16.68},{"time":0.3333,"angle":-33.07},{"time":0.6667,"angle":10.41},{"time":1,"angle":-33.07},{"time":1.3333,"angle":10.41},{"time":1.6667,"angle":-33.07},{"time":2,"angle":10.41}]},"b17":{"rotate":[{"angle":11.43},{"time":0.3333,"angle":18.93},{"time":0.6667,"angle":11.43},{"time":1,"angle":18.93},{"time":1.3333,"angle":11.43},{"time":1.6667,"angle":18.93},{"time":2,"angle":11.43}]},"6":{"rotate":[{"angle":20.93},{"time":0.3333,"angle":18.14},{"time":0.6667,"angle":20.93},{"time":1,"angle":18.14},{"time":1.3333,"angle":20.93},{"time":1.6667,"angle":18.14},{"time":2,"angle":20.93}],"translate":[{"x":31.53,"y":-164.81}]},"1":{"rotate":[{"angle":-27.26,"curve":"stepped"},{"time":0.6667,"angle":-81.85,"curve":"stepped"},{"time":1,"angle":-81.77,"curve":"stepped"},{"time":1.3333,"angle":-162.94},{"time":1.6667,"angle":-120.39,"curve":"stepped"},{"time":2,"angle":-27.26}],"translate":[{"x":60.97,"y":-203.37},{"time":0.6667,"x":65.73,"y":-201.49},{"time":1.3333,"x":60.97,"y":-203.37}]},"8":{"rotate":[{"time":0.3333,"angle":6.25}]},"7":{"rotate":[{"time":0.3333,"angle":15.17}]}},"drawOrder":[{"offsets":[{"slot":"4","offset":-9},{"slot":"1","offset":-8}]},{"time":0.1667,"offsets":[{"slot":"4","offset":-8},{"slot":"1","offset":-17}]},{"time":0.6667,"offsets":[{"slot":"4","offset":-9},{"slot":"2","offset":-5},{"slot":"1","offset":-8}]},{"time":0.8333,"offsets":[{"slot":"4","offset":-8},{"slot":"2","offset":-14},{"slot":"1","offset":-7}]},{"time":1.3333,"offsets":[{"slot":"4","offset":-9},{"slot":"3","offset":-2},{"slot":"1","offset":-8}]},{"time":1.5,"offsets":[{"slot":"4","offset":-8},{"slot":"3","offset":-14},{"slot":"1","offset":-7}]},{"time":2,"offsets":[{"slot":"4","offset":-9},{"slot":"1","offset":-8}]}]},"zheng-zhanli":{"slots":{"01":{"attachment":[{"name":null}]},"1":{"attachment":[{"name":null}]},"02":{"attachment":[{"name":null}]},"2":{"attachment":[{"name":null}]},"03":{"attachment":[{"name":null}]},"3":{"attachment":[{"name":null}]},"04":{"attachment":[{"name":null}]},"4":{"attachment":[{"name":null}]},"b1":{"attachment":[{"name":null}]},"b2":{"attachment":[{"name":null}]},"b3":{"attachment":[{"name":null}]},"b4":{"attachment":[{"name":null}]},"b5":{"attachment":[{"name":null}]},"b6":{"attachment":[{"name":null}]},"b7":{"attachment":[{"name":null}]},"b8":{"attachment":[{"name":null}]},"z6":{"attachment":[{"name":null}]},"z8":{"attachment":[{"name":null}]}},"bones":{"bone":{"rotate":[{},{"time":0.6667,"angle":0.51},{"time":1.3333},{"time":2,"angle":-0.49},{"time":2.6667}]},"z1":{"rotate":[{},{"time":0.6667,"angle":4.29},{"time":1.3333},{"time":2,"angle":-3.17},{"time":2.6667}]},"z23":{"rotate":[{},{"time":0.6667,"angle":1.1},{"time":1.3333},{"time":2,"angle":-1.62},{"time":2.6667}]},"z7":{"rotate":[{},{"time":0.6667,"angle":-3.97},{"time":1.3333},{"time":2,"angle":4.54},{"time":2.6667}]},"z8":{"rotate":[{},{"time":0.6667,"angle":-3.27},{"time":1.3333},{"time":2,"angle":5.05},{"time":2.6667}]},"z22":{"rotate":[{},{"time":0.6667,"angle":-4.19},{"time":1.3333},{"time":2,"angle":4.58},{"time":2.6667}]},"z4":{"rotate":[{},{"time":0.6667,"angle":-3},{"time":1.3333},{"time":2,"angle":1.85},{"time":2.6667}]},"z9":{"rotate":[{},{"time":0.6667,"angle":3.09},{"time":1.3333},{"time":2,"angle":-2.18},{"time":2.6667}]}}},"zheng-zhanli+daizi":{"slots":{"01":{"attachment":[{"name":null}]},"1":{"attachment":[{"name":null}]},"02":{"attachment":[{"name":null}]},"2":{"attachment":[{"name":null}]},"03":{"attachment":[{"name":null}]},"3":{"attachment":[{"name":null}]},"04":{"attachment":[{"name":null}]},"4":{"attachment":[{"name":null}]},"b1":{"attachment":[{"name":null}]},"b2":{"attachment":[{"name":null}]},"b3":{"attachment":[{"name":null}]},"b4":{"attachment":[{"name":null}]},"b5":{"attachment":[{"name":null}]},"b6":{"attachment":[{"name":null}]},"b7":{"attachment":[{"name":null}]},"b8":{"attachment":[{"name":null}]}},"bones":{"bone":{"rotate":[{},{"time":0.6667,"angle":0.51},{"time":1.3333},{"time":2,"angle":-0.49},{"time":2.6667}]},"z1":{"rotate":[{},{"time":0.6667,"angle":4.29},{"time":1.3333},{"time":2,"angle":-3.17},{"time":2.6667}]},"z23":{"rotate":[{},{"time":0.6667,"angle":1.1},{"time":1.3333},{"time":2,"angle":-1.62},{"time":2.6667}]},"z7":{"rotate":[{"angle":9.47},{"time":0.6667,"angle":6.83},{"time":1.3333,"angle":9.47},{"time":2,"angle":8.25},{"time":2.6667,"angle":9.47}]},"z8":{"rotate":[{"angle":4.18},{"time":0.6667,"angle":0.18},{"time":1.3333,"angle":4.18},{"time":2,"angle":11.65},{"time":2.6667,"angle":4.18}]},"z22":{"rotate":[{"angle":-10.6},{"time":0.6667,"angle":-11.13},{"time":1.3333,"angle":3.08},{"time":2,"angle":4.98},{"time":2.6667,"angle":-10.6}]},"z4":{"rotate":[{},{"time":0.6667,"angle":-3},{"time":1.3333},{"time":2,"angle":1.85},{"time":2.6667}]},"z9":{"rotate":[{},{"time":0.6667,"angle":3.09},{"time":1.3333},{"time":2,"angle":-2.18},{"time":2.6667}]}}},"zheng-zhuangdai":{"slots":{"01":{"attachment":[{"time":0.3667,"name":null}]},"1":{"attachment":[{"time":0.3667,"name":null}]},"02":{"attachment":[{"name":null},{"time":0.6667,"name":"02"},{"time":1.0333,"name":null}]},"2":{"attachment":[{"name":null},{"time":0.6667,"name":"02"},{"time":1.0333,"name":null}]},"03":{"attachment":[{"name":null},{"time":1.3333,"name":"03"},{"time":1.7,"name":null}]},"3":{"attachment":[{"name":null},{"time":1.3333,"name":"03"},{"time":1.7,"name":null}]},"4":{"attachment":[{"name":null}]},"b1":{"attachment":[{"name":null}]},"b2":{"attachment":[{"name":null}]},"b3":{"attachment":[{"name":null}]},"b4":{"attachment":[{"name":null}]},"b5":{"attachment":[{"name":null}]},"b6":{"attachment":[{"name":null}]},"b7":{"attachment":[{"name":null}]},"b8":{"attachment":[{"name":null}]},"z6":{"attachment":[{"name":null}]},"z8":{"attachment":[{"name":null}]}},"bones":{"z1":{"rotate":[{"angle":9.67},{"time":0.3333,"angle":0.93},{"time":0.6667,"angle":9.67},{"time":1,"angle":0.93},{"time":1.3333,"angle":9.67},{"time":1.6667,"angle":0.93},{"time":2,"angle":9.67}]},"z23":{"rotate":[{"angle":14.69},{"time":0.3333,"angle":18.56},{"time":0.6667,"angle":14.69},{"time":1,"angle":18.56},{"time":1.3333,"angle":14.69},{"time":1.6667,"angle":18.56},{"time":2,"angle":3.11}]},"z7":{"rotate":[{"angle":-36.1},{"time":0.3333,"angle":-17.39},{"time":0.6667,"angle":-36.1},{"time":1,"angle":-17.39},{"time":1.3333,"angle":-36.1},{"time":1.6667,"angle":-17.39},{"time":2,"angle":-6.23}]},"z8":{"rotate":[{"angle":-13.2},{"time":0.3333,"angle":21.27},{"time":0.6667,"angle":-13.2},{"time":1,"angle":21.27},{"time":1.3333,"angle":-13.2},{"time":1.6667,"angle":21.27},{"time":2,"angle":-8.76}]},"z22":{"rotate":[{"angle":-5.65},{"time":0.3333,"angle":50.1},{"time":0.6667,"angle":-5.65},{"time":1,"angle":50.1},{"time":1.3333,"angle":-5.65},{"time":1.6667,"angle":50.1},{"time":2,"angle":-5.65}]},"z4":{"rotate":[{},{"time":0.3333,"angle":4.11},{"time":0.6667},{"time":1,"angle":4.11},{"time":1.3333},{"time":1.6667,"angle":4.11},{"time":2}]},"04":{"rotate":[{"angle":-17.59},{"time":0.3333,"angle":-25.02},{"time":0.6667,"angle":-17.59},{"time":1,"angle":-25.02},{"time":1.3333,"angle":-17.59},{"time":1.6667,"angle":-25.02},{"time":2,"angle":-17.59}],"translate":[{"x":-54.13,"y":-461.62}]},"01":{"translate":[{"x":356.81,"y":-379.76},{"time":0.3333,"x":352.41,"y":-377.94},{"time":0.6667,"x":356.81,"y":-379.76},{"time":1,"x":352.41,"y":-377.94},{"time":1.3333,"x":356.81,"y":-379.76},{"time":1.6667,"x":352.41,"y":-377.94},{"time":2,"x":356.81,"y":-379.76}]},"z12":{"rotate":[{"angle":-7.38}]},"z13":{"rotate":[{"angle":13.23}]},"4":{"rotate":[{"time":0.2667},{"time":0.3667,"angle":12.1},{"time":0.4667,"curve":"stepped"},{"time":0.9333},{"time":1.0333,"angle":12.1},{"time":1.1333,"curve":"stepped"},{"time":1.6},{"time":1.7,"angle":12.1},{"time":1.8}],"translate":[{"time":0.2667},{"time":0.3667,"x":-3.58,"y":7.66},{"time":0.4667,"curve":"stepped"},{"time":0.9333},{"time":1.0333,"x":-3.58,"y":7.66},{"time":1.1333,"curve":"stepped"},{"time":1.6},{"time":1.7,"x":-3.58,"y":7.66},{"time":1.8}]},"5":{"rotate":[{"time":0.2667,"angle":-0.09},{"time":0.3667,"angle":13.65},{"time":0.4667,"angle":-0.09,"curve":"stepped"},{"time":0.9333,"angle":-0.09},{"time":1.0333,"angle":13.65},{"time":1.1333,"angle":-0.09,"curve":"stepped"},{"time":1.6,"angle":-0.09},{"time":1.7,"angle":13.65},{"time":1.8,"angle":-0.09}]},"6":{"rotate":[{"angle":-17.59},{"time":0.3333,"angle":-25.02},{"time":0.6667,"angle":-17.59},{"time":1,"angle":-25.02},{"time":1.3333,"angle":-17.59},{"time":1.6667,"angle":-25.02},{"time":2,"angle":-17.59}],"translate":[{"x":-61.34,"y":-457.27}]},"7":{"rotate":[{"time":0.2667},{"time":0.3667,"angle":12.1},{"time":0.4667,"curve":"stepped"},{"time":0.9333},{"time":1.0333,"angle":12.1},{"time":1.1333,"curve":"stepped"},{"time":1.6},{"time":1.7,"angle":12.1},{"time":1.8}],"translate":[{"time":0.2667},{"time":0.3667,"x":-3.58,"y":7.66},{"time":0.4667,"curve":"stepped"},{"time":0.9333},{"time":1.0333,"x":-3.58,"y":7.66},{"time":1.1333,"curve":"stepped"},{"time":1.6},{"time":1.7,"x":-3.58,"y":7.66},{"time":1.8}]},"8":{"rotate":[{"time":0.2667,"angle":-0.09},{"time":0.3667,"angle":13.65},{"time":0.4667,"angle":-0.09,"curve":"stepped"},{"time":0.9333,"angle":-0.09},{"time":1.0333,"angle":13.65},{"time":1.1333,"angle":-0.09,"curve":"stepped"},{"time":1.6,"angle":-0.09},{"time":1.7,"angle":13.65},{"time":1.8,"angle":-0.09}]},"1":{"translate":[{"x":356.81,"y":-379.76},{"time":0.3333,"x":352.41,"y":-377.94},{"time":0.6667,"x":356.81,"y":-379.76},{"time":1,"x":352.41,"y":-377.94},{"time":1.3333,"x":356.81,"y":-379.76},{"time":1.6667,"x":352.41,"y":-377.94},{"time":2,"x":356.81,"y":-379.76}]}},"drawOrder":[{"offsets":[{"slot":"04","offset":13},{"slot":"01","offset":5}]},{"time":0.9,"offsets":[{"slot":"04","offset":13},{"slot":"02","offset":6},{"slot":"01","offset":5}]},{"time":1.5333,"offsets":[{"slot":"04","offset":13},{"slot":"03","offset":6},{"slot":"02","offset":6},{"slot":"01","offset":5}]}]},"zheng-zoulu":{"slots":{"01":{"attachment":[{"name":null}]},"1":{"attachment":[{"name":null}]},"02":{"attachment":[{"name":null}]},"2":{"attachment":[{"name":null}]},"03":{"attachment":[{"name":null}]},"3":{"attachment":[{"name":null}]},"04":{"attachment":[{"name":null}]},"4":{"attachment":[{"name":null}]},"b1":{"attachment":[{"name":null}]},"b2":{"attachment":[{"name":null}]},"b3":{"attachment":[{"name":null}]},"b4":{"attachment":[{"name":null}]},"b5":{"attachment":[{"name":null}]},"b6":{"attachment":[{"name":null}]},"b7":{"attachment":[{"name":null}]},"b8":{"attachment":[{"name":null}]},"z6":{"attachment":[{"name":null}]},"z8":{"attachment":[{"name":null}]}},"bones":{"bone":{"rotate":[{},{"time":0.5,"angle":0.51},{"time":1},{"time":1.5,"angle":-0.49},{"time":2}]},"z1":{"rotate":[{},{"time":0.5,"angle":4.29},{"time":1},{"time":1.5,"angle":-3.17},{"time":2}]},"z23":{"rotate":[{},{"time":0.5,"angle":1.1},{"time":1},{"time":1.5,"angle":-1.62},{"time":2}]},"z7":{"rotate":[{},{"time":0.5,"angle":-3.97},{"time":1},{"time":1.5,"angle":4.54},{"time":2}]},"z8":{"rotate":[{},{"time":0.5,"angle":-3.27},{"time":1},{"time":1.5,"angle":5.05},{"time":2}]},"z22":{"rotate":[{},{"time":0.5,"angle":-4.19},{"time":1},{"time":1.5,"angle":4.58},{"time":2}]},"z4":{"rotate":[{},{"time":0.5,"angle":-3},{"time":1},{"time":1.5,"angle":1.85},{"time":2}]},"z9":{"rotate":[{},{"time":0.5,"angle":3.09},{"time":1},{"time":1.5,"angle":-2.18},{"time":2}]},"z12":{"rotate":[{"angle":-1.81},{"time":0.5,"angle":6.8},{"time":1,"angle":-9.04},{"time":1.2333,"angle":-15.95},{"time":1.5,"angle":-19.5},{"time":2,"angle":-1.81}]},"z13":{"rotate":[{"angle":-2.28},{"time":0.5,"angle":5.98},{"time":1,"angle":19.97},{"time":1.2333,"angle":18.65},{"time":1.5,"angle":9.27},{"time":2,"angle":-2.28}]},"z16":{"rotate":[{"angle":-9.66},{"time":0.1667,"angle":-16.09},{"time":0.5,"angle":-15.58},{"time":1,"angle":1.76},{"time":1.5,"angle":12.4},{"time":2,"angle":-9.66}]},"z17":{"rotate":[{"angle":23.45},{"time":0.1667,"angle":30.83},{"time":0.5,"angle":9.47},{"time":1,"angle":6.72},{"time":1.5,"angle":11.45},{"time":2,"angle":23.45}]},"z14":{"rotate":[{"angle":5.25},{"time":0.5,"angle":18.69},{"time":1,"angle":24.27},{"time":1.5,"angle":23.15},{"time":2,"angle":5.25}]},"z18":{"rotate":[{"angle":20.82},{"time":1,"angle":5.06},{"time":1.5,"angle":13.17},{"time":2,"angle":20.82}]},"z5":{"translate":[{"x":2.39},{"time":0.5,"x":-0.17,"y":0.02},{"time":1,"x":2.39},{"time":1.5,"x":4.52,"y":0.02},{"time":2,"x":2.39}]},"z24":{"rotate":[{"angle":-14.48},{"time":0.5,"angle":-5.95},{"time":1,"angle":-10.32},{"time":1.5,"angle":-17.21},{"time":2,"angle":-14.48}]},"z25":{"rotate":[{"angle":2.42},{"time":0.5,"angle":-3.82},{"time":1,"angle":-13.31},{"time":1.5,"angle":-12.66},{"time":2,"angle":2.42}]}}},"zheng-zoulu+daizi":{"slots":{"01":{"attachment":[{"name":null}]},"1":{"attachment":[{"name":null}]},"02":{"attachment":[{"name":null}]},"2":{"attachment":[{"name":null}]},"03":{"attachment":[{"name":null}]},"3":{"attachment":[{"name":null}]},"04":{"attachment":[{"name":null}]},"4":{"attachment":[{"name":null}]},"b1":{"attachment":[{"name":null}]},"b2":{"attachment":[{"name":null}]},"b3":{"attachment":[{"name":null}]},"b4":{"attachment":[{"name":null}]},"b5":{"attachment":[{"name":null}]},"b6":{"attachment":[{"name":null}]},"b7":{"attachment":[{"name":null}]},"b8":{"attachment":[{"name":null}]},"z6":{"attachment":[{"time":2,"name":null}]},"z8":{"attachment":[{"time":2,"name":null}]}},"bones":{"bone":{"rotate":[{},{"time":0.5,"angle":0.51},{"time":1},{"time":1.5,"angle":-0.49},{"time":2}]},"z1":{"rotate":[{},{"time":0.5,"angle":4.29},{"time":1},{"time":1.5,"angle":-3.17},{"time":2}]},"z23":{"rotate":[{},{"time":0.5,"angle":1.1},{"time":1},{"time":1.5,"angle":-1.62},{"time":2}]},"z7":{"rotate":[{"angle":8.01},{"time":0.5,"angle":6.3},{"time":1,"angle":8.01},{"time":1.5,"angle":7.86},{"time":2,"angle":8.01}]},"z8":{"rotate":[{"angle":6.9},{"time":0.5,"angle":0.93},{"time":1,"angle":6.9},{"time":1.5,"angle":10.71},{"time":2,"angle":6.9}]},"z22":{"rotate":[{},{"time":0.5,"angle":-4.19},{"time":1},{"time":1.5,"angle":4.58},{"time":2}]},"z4":{"rotate":[{},{"time":0.5,"angle":-3},{"time":1},{"time":1.5,"angle":1.85},{"time":2}]},"z9":{"rotate":[{},{"time":0.5,"angle":3.09},{"time":1},{"time":1.5,"angle":-2.18},{"time":2}]},"z12":{"rotate":[{"angle":-1.81},{"time":0.5,"angle":6.8},{"time":1,"angle":-9.04},{"time":1.2333,"angle":-15.95},{"time":1.5,"angle":-19.5},{"time":2,"angle":-1.81}]},"z13":{"rotate":[{"angle":-2.28},{"time":0.5,"angle":5.98},{"time":1,"angle":19.97},{"time":1.2333,"angle":18.65},{"time":1.5,"angle":9.27},{"time":2,"angle":-2.28}]},"z16":{"rotate":[{"angle":-9.66},{"time":0.1667,"angle":-16.09},{"time":0.5,"angle":-15.58},{"time":1,"angle":1.76},{"time":1.5,"angle":12.4},{"time":2,"angle":-9.66}]},"z17":{"rotate":[{"angle":23.45},{"time":0.1667,"angle":30.83},{"time":0.5,"angle":9.47},{"time":1,"angle":6.72},{"time":1.5,"angle":11.45},{"time":2,"angle":23.45}]},"z14":{"rotate":[{"angle":5.25},{"time":0.5,"angle":18.69},{"time":1,"angle":24.27},{"time":1.5,"angle":23.15},{"time":2,"angle":5.25}]},"z18":{"rotate":[{"angle":20.82},{"time":1,"angle":5.06},{"time":1.5,"angle":13.17},{"time":2,"angle":20.82}]},"z5":{"translate":[{"x":2.39},{"time":0.5,"x":-0.17,"y":0.02},{"time":1,"x":2.39},{"time":1.5,"x":4.52,"y":0.02},{"time":2,"x":2.39}]},"z24":{"rotate":[{"angle":-14.48},{"time":0.5,"angle":-5.95},{"time":1,"angle":-10.32},{"time":1.5,"angle":-17.21},{"time":2,"angle":-14.48}]},"z25":{"rotate":[{"angle":2.42},{"time":0.5,"angle":-3.82},{"time":1,"angle":-13.31},{"time":1.5,"angle":-12.66},{"time":2,"angle":2.42}]}}}}}