{"skeleton":{"hash":"mq6D2ud6YVz0MsR6iZJP8a7Y1NA","spine":"3.8.99","x":-81.05,"y":-5.11,"width":565.05,"height":313.11,"images":"./02/","audio":"F:/项目/新游戏/幸福集市/psd"},"bones":[{"name":"root"},{"name":"bone","parent":"root","length":35.77,"rotation":-90,"x":0.11,"y":-0.41},{"name":"z5","parent":"bone","length":9.9,"rotation":180,"x":-105.06,"y":-11.05},{"name":"z23","parent":"z5","length":53.66,"rotation":0.33,"x":10.16,"y":0.14},{"name":"z4","parent":"z23","length":77.54,"rotation":-0.33,"x":63.71,"y":2.83},{"name":"z9","parent":"z4","length":30.59,"rotation":-154.54,"x":74.88,"y":-39.26},{"name":"z10","parent":"z9","length":31.58,"rotation":-27.37,"x":33.41,"y":-0.18},{"name":"z11","parent":"z10","length":40,"rotation":20.7,"x":33.42,"y":0.06},{"name":"z1","parent":"z23","length":29.13,"rotation":-173.59,"x":41.32,"y":-35.62},{"name":"z7","parent":"z23","length":30.38,"rotation":167.68,"x":41.88,"y":15.14},{"name":"z8","parent":"z7","length":23.99,"rotation":-7.13,"x":33.12,"y":-0.23},{"name":"z12","parent":"z5","length":34.98,"rotation":-179.14,"x":-9.33,"y":6.05},{"name":"z13","parent":"z12","length":37.97,"rotation":11.54,"x":37.36,"y":0.75},{"name":"z14","parent":"z13","length":9.79,"rotation":-13.7,"x":39.62,"y":0.17},{"name":"z15","parent":"z14","length":15.53,"rotation":-169.26,"x":10.27,"y":-0.56,"transform":"noRotationOrReflection"},{"name":"z16","parent":"z5","length":36.41,"rotation":-175.44,"x":-8.54,"y":-10.52},{"name":"z17","parent":"z16","length":36.63,"rotation":7.88,"x":40.34,"y":-0.31},{"name":"z18","parent":"z17","length":10.26,"rotation":-10.97,"x":37.6,"y":-0.48},{"name":"z19","parent":"z18","length":16.27,"rotation":-165.96,"x":11.57,"y":-0.3,"transform":"noRotationOrReflection"},{"name":"z22","parent":"z8","length":16.65,"rotation":-0.5,"x":23.63,"y":-0.12},{"name":"z21","parent":"z22","length":46.04,"rotation":-93.21,"x":23.49,"y":2.78,"transform":"noRotationOrReflection"},{"name":"z2","parent":"z4","length":12.13,"x":35.49,"y":15.31},{"name":"z6","parent":"z5","length":28.18,"rotation":97.29,"x":-4.54,"y":-2.43},{"name":"z20","parent":"z5","length":29.58,"rotation":-91.26,"x":-4.54,"y":-5.36},{"name":"bone2","parent":"root","length":41.38,"rotation":-90,"x":186.2,"y":-1.06},{"name":"b3","parent":"bone2","length":7.6,"rotation":176.13,"x":-109.44,"y":0.34},{"name":"b16","parent":"b3","length":52.48,"rotation":1.14,"x":7.99,"y":0.24},{"name":"b8","parent":"b16","length":80.07,"rotation":0.77,"x":66.49,"y":-4.07},{"name":"bone3","parent":"b8","length":27.5,"rotation":176.25,"x":60.39,"y":45.18},{"name":"bone4","parent":"bone3","length":27.28,"rotation":13.64,"x":30.8,"y":1.36},{"name":"bone5","parent":"bone4","length":31.72,"rotation":-19.12,"x":30.81,"y":0.54},{"name":"b4","parent":"b3","length":24.63,"rotation":95.46,"x":-3.35,"y":3.89},{"name":"b6","parent":"b4","length":27.72,"rotation":169.18,"x":-8.21,"y":-0.11},{"name":"b7","parent":"b3","length":40.81,"rotation":-171.81,"x":-9.36,"y":-8.52},{"name":"b9","parent":"b7","length":35.88,"rotation":-15.31,"x":43.47,"y":-1.23},{"name":"b10","parent":"b9","length":8.58,"rotation":15.56,"x":37.96,"y":0.06},{"name":"b11","parent":"b10","length":17.1,"rotation":73.89,"x":8.97,"y":0.65},{"name":"b12","parent":"b3","length":40.79,"rotation":-179.98,"x":-12.93,"y":3.58},{"name":"b13","parent":"b12","length":32.07,"rotation":-3.51,"x":42.88,"y":-0.54},{"name":"b14","parent":"b13","length":7.19,"rotation":10.08,"x":33.9,"y":-0.8},{"name":"b15","parent":"b14","length":13.41,"rotation":67.91,"x":7.6,"y":1.35},{"name":"b1","parent":"b16","length":31.2,"rotation":-164.61,"x":35.94,"y":-24.01},{"name":"b2","parent":"b1","length":28.58,"rotation":8.37,"x":33.68,"y":0.14},{"name":"b5","parent":"b2","length":15.58,"rotation":-12.2,"x":30.42,"y":0.02},{"name":"b17","parent":"b16","length":33.35,"rotation":176.84,"x":40.22,"y":22.75},{"name":"b18","parent":"b5","length":49.93,"rotation":-90,"x":21.37,"y":-0.56,"transform":"noRotationOrReflection"},{"name":"01","parent":"z22","length":22.1,"rotation":-160.38,"x":-333.37,"y":376.62},{"name":"04","parent":"z1","length":42.96,"rotation":-2.53,"x":90.67,"y":418.49},{"name":"4","parent":"04","length":21.84,"rotation":47.5,"x":45.54,"y":4.33},{"name":"5","parent":"04","length":25.82,"rotation":-67.2,"x":46.04,"y":-1.13},{"name":"z24","parent":"z18","length":18.8,"rotation":-76.62,"x":9.54,"y":-0.11},{"name":"z25","parent":"z14","length":15.85,"rotation":-77.54,"x":9.37,"y":-0.29},{"name":"6","parent":"b17","length":42.96,"rotation":10.1,"x":23.65,"y":182.26,"scaleY":-1},{"name":"7","parent":"6","length":21.84,"rotation":47.5,"x":45.54,"y":4.33},{"name":"8","parent":"6","length":25.82,"rotation":-67.2,"x":46.04,"y":-1.13},{"name":"1","parent":"b5","length":22.1,"rotation":171.16,"x":-47.81,"y":204.06}],"slots":[{"name":"z7","bone":"z7","attachment":"z7"},{"name":"z6","bone":"z21","attachment":"z6"},{"name":"00","bone":"root","attachment":"00"},{"name":"z8","bone":"z21","attachment":"z8"},{"name":"b8","bone":"b8","attachment":"b8"},{"name":"b7","bone":"bone3","attachment":"b7"},{"name":"b6","bone":"b12","attachment":"b6"},{"name":"b5","bone":"b7","attachment":"b5"},{"name":"b4","bone":"b17","attachment":"b4"},{"name":"b3","bone":"b6","attachment":"b3"},{"name":"b2","bone":"b18","attachment":"b2"},{"name":"b1","bone":"b1","attachment":"b1"},{"name":"04","bone":"04","attachment":"04"},{"name":"4","bone":"6","attachment":"04"},{"name":"03","bone":"01","attachment":"03"},{"name":"3","bone":"1","attachment":"03"},{"name":"02","bone":"01","attachment":"02"},{"name":"2","bone":"1","attachment":"02"},{"name":"01","bone":"01","attachment":"01"},{"name":"1","bone":"1","attachment":"01"},{"name":"z11","bone":"z12","attachment":"z11"},{"name":"z10","bone":"z16","attachment":"z10"},{"name":"z9","bone":"z9","attachment":"z9"},{"name":"z5","bone":"z5","attachment":"z5"},{"name":"z4","bone":"z4","attachment":"z4"},{"name":"z3","bone":"z2","attachment":"z3"},{"name":"z2","bone":"z2"},{"name":"z1","bone":"z1","attachment":"z1"}],"skins":[{"name":"default","attachments":{"00":{"00":{"x":-0.2,"y":4.01,"width":103,"height":17}},"01":{"01":{"x":0.5,"y":-0.72,"rotation":-90,"width":36,"height":26}},"1":{"01":{"x":0.5,"y":-0.72,"rotation":-90,"width":36,"height":26}},"02":{"02":{"x":1.26,"y":2.44,"rotation":-90,"width":30,"height":30}},"2":{"02":{"x":1.26,"y":2.44,"rotation":-90,"width":30,"height":30}},"03":{"03":{"x":0.5,"y":2.19,"rotation":-90,"width":40,"height":36}},"3":{"03":{"x":0.5,"y":2.19,"rotation":-90,"width":40,"height":36}},"04":{"04":{"type":"mesh","uvs":[0.31306,0.00462,0.28835,0.29346,0.25128,0.45562,0.07211,0.61271,0,0.71405,0,1,0.25128,1,0.61578,1,0.88762,0.99783,1,0.85087,1,0.5671,1,0.37454,0.88144,0.15157,0.65285,0],"triangles":[6,4,3,3,2,6,10,6,2,6,5,4,6,10,7,8,7,9,7,10,9,1,10,2,12,1,13,1,0,13,11,10,1,1,12,11],"vertices":[1,47,-13.37,-15.75,1,2,47,12.13,-19.43,0.95599,49,3.73,-38.35,0.04401,2,47,26.33,-23.19,0.66483,49,12.7,-26.72,0.33517,2,47,39.31,-37.26,0.13602,49,30.7,-20.21,0.86398,3,47,47.92,-43.18,0.03636,48,-33.42,-33.85,0,49,39.49,-14.56,0.96364,1,49,51.05,8.11,1,2,48,-3.25,-42.46,0.03124,49,34.7,16.44,0.96876,2,48,17.63,-25.97,0.49309,49,11,28.53,0.50691,2,48,33.09,-13.53,0.90152,49,-6.77,37.37,0.09848,3,47,65.43,28.73,7.0E-5,48,31.42,1.82,0.99738,49,-20.02,29.44,0.00255,3,47,40.24,30.59,0.2745,48,15.77,21.65,0.7255,49,-31.49,6.94,0,2,47,23.15,31.85,0.64366,48,5.15,35.1,0.35634,2,47,2.72,24.67,0.92518,48,-13.94,45.31,0.07482,2,47,-11.96,9.02,0.99844,48,-35.39,45.56,0.00156],"hull":14,"edges":[0,2,2,4,4,6,6,8,8,10,10,12,12,14,14,16,16,18,18,20,20,22,22,24,24,26,0,26],"width":73,"height":89}},"4":{"04":{"type":"mesh","uvs":[0.31306,0.00462,0.28835,0.29346,0.25128,0.45562,0.07211,0.61271,0,0.71405,0,1,0.25128,1,0.61578,1,0.88762,0.99783,1,0.85087,1,0.5671,1,0.37454,0.88144,0.15157,0.65285,0],"triangles":[6,4,3,3,2,6,10,6,2,6,5,4,6,10,7,8,7,9,7,10,9,1,10,2,12,1,13,1,0,13,11,10,1,1,12,11],"vertices":[1,52,-13.37,-15.75,1,2,52,12.13,-19.43,0.95599,54,3.73,-38.35,0.04401,2,52,26.33,-23.19,0.66483,54,12.7,-26.72,0.33517,2,52,39.31,-37.26,0.13602,54,30.7,-20.21,0.86398,3,52,47.92,-43.18,0.03636,53,-33.42,-33.85,0,54,39.49,-14.56,0.96364,1,54,51.05,8.11,1,2,53,-3.25,-42.46,0.03124,54,34.7,16.44,0.96876,2,53,17.63,-25.97,0.49309,54,11,28.53,0.50691,2,53,33.09,-13.53,0.90152,54,-6.77,37.37,0.09848,3,52,65.43,28.73,7.0E-5,53,31.42,1.82,0.99738,54,-20.02,29.44,0.00255,3,52,40.24,30.59,0.2745,53,15.77,21.65,0.7255,54,-31.49,6.94,0,2,52,23.15,31.85,0.64366,53,5.15,35.1,0.35634,2,52,2.72,24.67,0.92518,53,-13.94,45.31,0.07482,2,52,-11.96,9.02,0.99844,53,-35.39,45.56,0.00156],"hull":14,"edges":[0,2,2,4,4,6,6,8,8,10,10,12,12,14,14,16,16,18,18,20,20,22,22,24,24,26,0,26],"width":73,"height":89}},"b1":{"b1":{"type":"mesh","uvs":[0.19127,0,0.56663,0,0.78768,0.0878,0.93366,0.27033,1,0.47784,1,0.77756,1,0.92551,0.90446,1,0.69176,1,0.43734,1,0.34976,0.9159,0.25383,0.73914,0.17876,0.55661,0.05364,0.376,0,0.24151,0,0.06859],"triangles":[7,8,6,5,6,8,8,9,10,8,10,5,10,11,5,11,4,5,4,11,12,4,12,3,1,2,14,1,14,0,14,2,3,3,12,13,3,13,14,14,15,0],"vertices":[1,41,-4.81,-1.67,1,2,41,-1.44,13.34,1,42,-32.82,18.17,0,2,41,8.17,20.47,0.97799,42,-22.28,23.83,0.02201,2,41,25.34,22.75,0.69046,42,-4.97,23.58,0.30954,3,41,43.95,21.35,0.11125,42,13.25,19.49,0.88857,43,-20.9,15.4,1.8E-4,2,42,38.14,9.91,0.1127,43,5.46,11.3,0.8873,1,43,18.47,9.27,1,1,43,24.42,4.38,1,2,42,52.08,-8.99,0.00897,43,23.08,-4.23,0.99103,2,42,48.34,-18.73,0.07233,43,21.47,-14.54,0.92767,2,42,40.07,-19.39,0.19078,43,13.53,-16.94,0.80922,2,42,23.97,-17.41,0.80911,43,-2.62,-18.41,0.19089,2,41,43.41,-13.04,0.05889,42,7.7,-14.45,0.94111,2,41,26.6,-14.52,0.86424,42,-9.14,-13.47,0.13576,1,41,14.44,-14.04,1,1,41,-0.58,-10.66,1],"hull":16,"edges":[0,2,2,4,4,6,6,8,8,10,10,12,12,14,14,16,16,18,18,20,20,22,22,24,24,26,26,28,28,30,0,30],"width":41,"height":89}},"b2":{"b2":{"x":23.75,"y":-4.24,"rotation":90,"width":57,"height":83}},"b3":{"b3":{"type":"mesh","uvs":[0.29796,0.00426,0.24498,0.06644,0.0812,0.11567,0,0.16749,0,0.31387,0.04026,0.44601,0,0.57944,0,0.81003,0.04026,0.9616,0.13178,1,0.37503,1,0.69535,1,0.98678,0.98103,1,0.83853,1,0.60406,1,0.2776,0.99882,0.12992,0.80133,3.8E-4,0.47619,0,0.32204,0.19081,0.74593,0.20376,0.31723,0.41622,0.72425,0.42917,0.31723,0.59628,0.70017,0.60535,0.22811,0.78671,0.48341,0.89683,0.77483,0.85149,0.49545,0.71676],"triangles":[10,26,11,11,27,12,11,26,27,12,27,13,26,28,27,14,13,27,27,28,24,26,10,25,25,10,9,9,8,25,8,7,25,26,25,28,7,6,25,25,23,28,27,24,14,28,23,24,24,22,14,24,23,22,22,15,14,25,6,23,6,5,23,23,5,21,23,21,22,5,4,21,22,20,15,22,21,20,21,19,20,21,4,19,19,3,2,19,4,3,20,16,15,19,18,20,20,17,16,20,18,17,2,1,19,19,1,18,18,1,0],"vertices":[2,26,66.94,13.88,0.99998,31,4.09,-78.74,2.0E-5,2,26,58.56,17.25,0.99725,31,8.08,-70.64,0.00275,2,26,51.52,28.55,0.97936,31,19.89,-64.46,0.02064,2,26,44.41,33.99,0.96216,31,25.84,-57.79,0.03784,2,26,25.11,33.07,0.85075,31,26.38,-38.47,0.14925,2,26,7.82,29.38,0.54447,31,24,-20.96,0.45553,2,26,-9.91,31.4,0.03969,31,27.35,-3.43,0.96031,2,31,28.2,27,0.21842,37,19.97,-25.81,0.78158,2,31,25.89,47.07,0.02177,37,39.74,-21.62,0.97823,2,31,19.54,52.32,0.0072,37,44.36,-14.79,0.9928,2,37,43.2,2.44,0.9312,33,44.91,-16.21,0.0688,2,32,22.08,-50.3,0.01156,33,46.62,6.47,0.98844,2,32,42.1,-44.51,0.08817,33,45.69,27.29,0.91183,2,32,40.01,-25.79,0.27811,33,27,29.64,0.72189,4,26,-9.77,-39.67,0.01693,25,-0.99,-39.62,0.0165,32,35.05,4.76,0.96592,33,-3.86,31.98,6.6E-4,3,26,33.27,-37.63,0.72482,25,42.01,-36.71,0.07804,32,28.14,47.3,0.19714,3,26,52.74,-36.61,0.91625,25,61.45,-35.31,0.02725,32,24.93,66.52,0.0565,3,26,69.15,-21.79,0.98809,25,77.57,-20.17,0.00487,32,8.34,81.15,0.00704,1,26,68.1,1.27,1,2,26,42.42,11,0.9905,31,3.07,-54.08,0.0095,3,26,42.15,-19.14,0.91424,25,50.51,-18.05,0.02781,32,8.77,54.02,0.05796,2,26,12.69,9.93,0.85882,31,4.24,-24.34,0.14118,3,26,12.35,-19.02,0.42638,25,20.72,-18.53,0.19747,32,12.02,24.41,0.37615,3,26,-11.06,8.8,0.01689,25,-3.23,8.82,0.00667,31,4.9,-0.58,0.97644,3,26,-10.96,-18.42,0.00212,25,-2.59,-18.39,0.01431,32,14.06,1.18,0.98358,2,31,11.92,24.37,0.11506,37,15.81,-9.86,0.88494,2,37,29.1,9.2,0.42991,33,31.91,-7.51,0.57009,2,32,24.51,-30.04,0.12667,33,27.5,13.57,0.87333,2,37,5.32,8.46,0.32416,33,8.27,-4.87,0.67584],"hull":19,"edges":[0,2,2,4,4,6,6,8,8,10,10,12,12,14,14,16,16,18,18,20,20,22,22,24,24,26,26,28,28,30,30,32,32,34,34,36,0,36],"width":71,"height":132}},"b4":{"b4":{"x":20.55,"y":7.13,"rotation":95.89,"width":38,"height":56}},"b5":{"b5":{"type":"mesh","uvs":[0.21627,0,0.52676,0,0.76076,0,1,0.05386,1,0.19855,0.99926,0.33338,0.91826,0.483,0.80576,0.60961,0.73376,0.77732,0.72476,0.82007,0.91376,0.85789,1,0.91214,1,0.97463,0.86426,1,0.54026,1,0.22077,1,0.07227,1,0,0.93845,0,0.83158,0.06327,0.77896,0.04527,0.65893,0.06327,0.50109,0,0.33502,0,0.14429,0,0.04399,0.09927,0],"triangles":[13,14,10,14,15,9,14,9,10,10,11,13,12,13,11,18,15,17,9,18,19,15,16,17,18,9,15,7,21,6,20,21,7,8,20,7,19,20,8,9,19,8,0,23,24,2,3,4,4,1,2,5,22,23,4,5,1,5,21,22,1,23,0,25,0,24,1,5,23,6,21,5],"vertices":[1,33,-4.68,-8.86,1,1,33,-3.79,2.91,1,1,33,-3.12,11.77,1,1,33,3.15,20.42,1,1,33,18.16,19.28,1,2,33,32.14,18.2,0.99889,34,-16.05,15.74,0.00111,2,33,47.42,13.95,0.61196,34,-0.19,15.69,0.38804,3,33,60.23,8.7,0.06226,34,13.55,14,0.93383,36,10.59,32.99,0.00391,3,34,31.19,14.64,0.68784,35,-2.61,15.87,0.01188,36,11.4,15.35,0.30027,3,34,35.62,15.15,0.35078,35,1.79,15.17,0.02647,36,11.96,10.92,0.62275,3,34,38.11,22.95,0.0442,35,6.29,22.02,1.8E-4,36,19.78,8.51,0.95562,2,34,43.03,27.24,0.00343,36,24.12,3.63,0.99657,1,36,25.42,-2.73,1,1,36,20.89,-6.35,1,1,36,8.83,-8.81,1,2,35,18.92,-5.41,0.42606,36,-3.07,-11.24,0.57394,2,35,18.47,-11.04,0.67707,36,-8.6,-12.37,0.32293,2,35,11.87,-13.26,0.88712,36,-12.57,-6.65,0.11288,2,34,42.05,-11.66,0.09845,35,0.79,-12.38,0.90155,2,34,36.22,-10.34,0.46024,35,-4.47,-9.54,0.53976,2,34,24.09,-13.39,0.97879,35,-16.97,-9.23,0.02121,2,33,46.85,-18.59,0.10482,34,7.85,-15.85,0.89518,2,33,29.45,-19.68,0.75894,34,-8.65,-21.5,0.24106,2,33,9.67,-18.19,0.99489,34,-28.12,-25.28,0.00511,1,33,-0.73,-17.4,1,1,33,-5.01,-13.29,1],"hull":26,"edges":[0,2,2,4,4,6,6,8,8,10,10,12,12,14,14,16,16,18,18,20,20,22,22,24,24,26,26,28,28,30,30,32,32,34,34,36,36,38,38,40,40,42,42,44,44,46,46,48,48,50,0,50],"width":38,"height":104}},"b6":{"b6":{"type":"mesh","uvs":[0.31236,0,0.66786,0,0.87486,0,1,0.0477,1,0.14995,1,0.29274,0.91086,0.4373,0.78936,0.53779,0.62286,0.76167,0.65886,0.81456,0.89286,0.87802,0.96486,0.94854,0.96486,1,0.63636,1,0.23586,1,0.05586,1,0,0.95911,0,0.85687,0.01986,0.78106,0,0.64356,0.04686,0.49371,0,0.30685,0,0.12527,0.01986,0.0477,0.19536,0],"triangles":[13,14,9,13,9,10,13,10,11,13,11,12,9,16,17,17,18,9,14,15,16,9,14,16,19,20,7,8,19,7,18,19,8,9,18,8,1,2,3,4,1,3,24,21,22,4,5,1,23,24,22,5,20,21,1,21,0,0,21,24,5,21,1,6,20,5,7,20,6],"vertices":[1,37,-4.3,-6.53,1,1,37,-5.21,6.95,1,1,37,-5.74,14.8,1,1,37,-1.44,19.86,1,1,37,8.46,20.52,1,1,37,22.28,21.45,1,2,37,36.49,19.01,0.94654,38,-7.57,19.13,0.05346,2,37,46.53,15.06,0.55342,38,2.68,15.8,0.44658,3,37,68.62,10.2,7.7E-4,38,25.03,12.3,0.78861,40,6.86,17.93,0.21062,2,38,29.94,14.31,0.46006,40,9.85,13.54,0.53994,2,38,34.91,23.92,0.07022,40,20.28,10.68,0.92978,2,38,41.35,27.51,0.00905,40,25.13,5.13,0.99095,1,40,26.79,0.42,1,1,40,15.01,-3.71,1,2,39,15.96,-1.34,0.51378,40,0.65,-8.76,0.48622,2,39,15.63,-8.17,0.93637,40,-5.8,-11.03,0.06363,2,39,11.57,-10.1,0.9941,40,-9.12,-7.99,0.0059,2,38,37.22,-9.99,0.01896,39,1.66,-9.63,0.98104,2,38,29.83,-10.18,0.44694,39,-5.65,-8.53,0.55306,2,38,16.7,-12.64,0.9767,39,-19.01,-8.65,0.0233,2,37,44.16,-13.38,0.21364,38,2.05,-12.73,0.78636,2,37,26.19,-16.37,0.95646,38,-15.69,-16.82,0.04354,1,37,8.62,-17.55,1,1,37,1.06,-17.31,1,1,37,-4.01,-10.96,1],"hull":25,"edges":[0,2,2,4,4,6,6,8,8,10,10,12,12,14,14,16,16,18,18,20,20,22,22,24,24,26,26,28,28,30,30,32,32,34,34,36,36,38,38,40,40,42,42,44,44,46,46,48,0,48],"width":38,"height":97}},"b7":{"b7":{"x":44.81,"y":4.51,"rotation":95.71,"width":34,"height":104}},"b8":{"b8":{"x":40.51,"y":-3.55,"rotation":-88.04,"width":108,"height":105}},"z1":{"z1":{"x":23.75,"y":-15.88,"rotation":83.26,"width":57,"height":66}},"z2":{"z2":{"x":1.89,"y":-2.22,"rotation":-90,"width":55,"height":12}},"z3":{"z3":{"x":1.39,"y":-2.72,"rotation":-90,"width":52,"height":11}},"z4":{"z4":{"x":43.38,"y":-1.41,"rotation":-90,"width":102,"height":106}},"z5":{"z5":{"type":"mesh","uvs":[0.18338,0.00275,0.07053,0.09834,0,0.16525,0,0.33492,0,0.50937,0,0.72205,0,0.87977,0.07504,1,0.30977,1,0.62574,1,0.86046,1,1,0.97297,1,0.81764,1,0.56433,1,0.33014,1,0.08878,0.75213,0,0.48581,0,0.3188,0.29907,0.67991,0.29668,0.30977,0.5954,0.7431,0.61451,0.26914,0.81047,0.50838,0.88216,0.81532,0.80569,0.47227,0.65992],"triangles":[21,20,19,19,20,18,20,4,18,19,14,13,4,3,18,3,2,18,19,15,14,2,1,18,18,1,17,18,17,19,17,1,0,19,16,15,19,17,16,22,20,25,22,5,20,5,4,20,21,25,20,21,19,13,12,21,13,25,21,24,12,24,21,11,10,24,8,23,9,10,9,24,9,23,24,24,12,11,24,23,25,23,8,22,22,8,6,8,7,6,6,5,22,23,22,25],"vertices":[1,3,73.8,17.48,1,2,22,18.8,-78.42,0,3,60.85,25.68,1,2,22,24.99,-70.04,0.00242,3,51.78,30.81,0.99758,2,22,27.92,-47.15,0.07735,3,28.71,30.94,0.92265,2,22,30.93,-23.62,0.46947,3,4.98,31.08,0.53053,2,11,4.26,-25.26,0.14904,22,34.6,5.08,0.85096,2,11,25.7,-25.59,0.78668,22,37.32,26.35,0.21332,2,11,42.13,-20.43,0.94781,22,34.04,43.26,0.05219,3,11,42.39,-3.53,0.98688,15,41.54,-22.83,0.00898,22,17.27,45.4,0.00414,3,11,42.73,19.22,0.03569,15,43.35,-0.16,0.96338,23,9.49,-47.03,9.3E-4,2,15,44.69,16.69,0.94389,23,26.38,-46.66,0.05611,2,15,41.83,27,0.9029,23,36.35,-42.76,0.0971,2,15,20.77,28.68,0.61171,23,35.88,-21.64,0.38829,2,23,35.12,12.8,0.82993,3,-2.91,-40.87,0.17007,2,23,34.42,44.64,0.24194,3,28.94,-41.06,0.75806,2,23,33.7,77.46,0.03168,3,61.76,-41.25,0.96832,2,23,15.6,89.14,0.00526,3,73.94,-23.47,0.99474,1,3,74.05,-4.3,1,2,22,4.54,-49.07,0.00705,3,33.45,7.96,0.99295,2,23,11.28,48.68,0.08972,3,33.62,-18.04,0.91028,2,22,10.29,-9.18,0.64436,3,-6.85,8.85,0.35564,2,23,16.78,5.57,0.91553,3,-9.63,-22.34,0.08447,2,11,16.57,-6.07,0.90845,22,16.91,19.46,0.09155,2,11,26.58,11.01,0.36693,15,26.7,-7.31,0.63307,2,15,18.09,15.55,0.69893,23,22.55,-20.31,0.30107,4,11,-3.68,8.86,0.02506,15,-3.63,-7.5,0.04138,23,-2.58,-1.03,0.08083,22,-0.2,1.01,0.85273],"hull":18,"edges":[0,2,2,4,4,6,6,8,8,10,10,12,12,14,14,16,16,18,18,20,20,22,22,24,24,26,26,28,28,30,30,32,32,34,0,34],"width":72,"height":136}},"z6":{"z6":{"x":6.02,"y":-6.63,"rotation":91.31,"width":53,"height":56}},"z7":{"z7":{"type":"mesh","uvs":[0.54581,0.00112,0.35557,0.1747,0.30008,0.3926,0.20496,0.64743,0,0.76931,0,0.90965,0.09398,1,0.28423,1,0.55374,1,0.6013,0.8801,0.79154,0.78777,0.91837,0.51078,1,0.28181,1,0.04913,0.88666,0],"triangles":[4,3,9,5,4,9,7,6,5,9,7,5,8,7,9,3,2,11,10,3,11,9,3,10,12,1,13,12,2,1,11,2,12,0,14,13,13,1,0],"vertices":[1,9,-6.06,-10.85,1,1,9,10.5,-15.3,1,2,9,29.73,-13.54,0.63282,10,-1.71,-13.64,0.36718,3,9,52.47,-12.7,1.1E-4,10,20.75,-9.97,0.50679,19,-2.79,-9.87,0.49311,1,19,10.14,-14.19,1,1,19,21.77,-10.04,1,1,19,27.97,-3.74,1,1,19,25.35,3.61,1,2,10,45.38,13.7,0.01171,19,21.64,14.02,0.98829,2,10,34.78,12.09,0.21669,19,11.04,12.31,0.78331,2,10,24.54,16.79,0.80345,19,0.77,16.93,0.19655,2,9,34.63,13.41,0.45198,10,-0.19,13.72,0.54802,1,9,14.23,12.5,1,1,9,-5.8,8.25,1,1,9,-9.06,2.8,1],"hull":15,"edges":[0,2,2,4,4,6,6,8,8,10,10,12,12,14,14,16,16,18,18,20,20,22,22,24,24,26,26,28,0,28],"width":41,"height":88}},"z8":{"z8":{"x":32.01,"y":1.93,"rotation":91.31,"width":49,"height":81}},"z9":{"z9":{"x":45.44,"y":-10.4,"rotation":64.54,"width":40,"height":110}},"z10":{"z10":{"type":"mesh","uvs":[0.16829,0,0,0.01986,0,0.17075,0.05222,0.37678,0.18377,0.54798,0.26889,0.71048,0.25341,0.79463,0.05996,0.85557,0,0.91361,0.03674,0.98325,0.25341,1,0.70222,1,0.93436,1,1,0.91941,1,0.76852,0.97305,0.60311,0.9421,0.43191,1,0.2491,1,0.0895,0.83377,0,0.50137,0.80291,0.82987,0.84593,0.85072,0.75794,0.47008,0.63866,0.82987,0.56827,0.30323,0.48028,0.79337,0.43335,0.30844,0.28083,0.76208,0.25346],"triangles":[10,20,11,10,8,7,7,6,10,10,6,20,10,9,8,6,5,20,12,11,13,11,21,13,11,20,21,21,14,13,21,20,22,21,22,14,5,23,20,20,23,22,22,15,14,23,24,22,22,24,15,5,4,23,4,25,23,23,25,24,24,16,15,25,26,24,24,26,16,4,3,25,25,27,26,25,3,27,27,28,26,26,28,16,16,28,17,3,2,27,28,27,0,27,2,0,17,28,18,28,0,19,28,19,18,2,1,0],"vertices":[1,15,-11.72,-11.42,1,1,15,-10.06,-18.64,1,1,15,6.78,-19.98,1,2,15,29.96,-19.63,0.79616,16,-12.93,-17.71,0.20384,4,15,49.51,-15.65,0.0477,16,6.98,-16.44,0.94503,17,-27.02,-21.5,0.00478,50,12.35,-40.51,0.00249,3,16,25.53,-16.87,0.66548,17,-8.73,-18.39,0.13794,50,13.56,-22.01,0.19658,3,16,34.59,-19.54,0.19295,17,0.67,-19.28,0.14936,50,16.6,-13.06,0.65769,3,16,39.5,-28.94,0.01074,17,7.29,-27.58,0.01359,50,26.2,-8.55,0.97567,3,16,45.31,-32.8,2.0E-5,17,13.72,-30.26,3.3E-4,50,30.3,-2.91,0.99965,1,50,30.81,5.03,1,2,17,23.67,-19.87,0.00565,50,22.49,9.17,0.99435,2,17,24.15,-1.03,0.79067,50,4.27,14,0.20933,1,17,24.4,8.72,1,2,16,54.99,8.07,0.02763,17,15.45,11.71,0.97237,2,16,38.49,11.71,0.71667,17,-1.45,12.14,0.28333,2,15,58.3,16.91,0.01523,16,20.15,14.6,0.98477,2,15,39.09,17.14,0.58474,16,1.15,17.46,0.41526,2,15,18.87,21.19,0.99979,16,-18.32,24.24,2.1E-4,1,15,1.05,22.61,1,1,15,-9.5,16.44,1,3,16,37.74,-9.57,0.17171,17,1.87,-8.89,0.39194,50,6.77,-9.5,0.43636,2,16,45.41,2.87,0.10329,17,7.04,4.78,0.89671,2,16,35.98,5.84,0.84156,17,-2.79,5.9,0.15844,3,16,19.49,-6.89,0.94483,17,-16.56,-9.74,0.02964,50,3.33,-27.62,0.02553,2,15,53.93,11.22,0.03761,16,15.05,9.56,0.96239,3,15,42.35,-10.04,0.19065,16,0.66,-9.91,0.80924,17,-34.47,-16.29,1.1E-4,2,15,38.75,10.9,0.57648,16,-0.04,11.32,0.42352,2,15,20.1,-8.05,0.99076,16,-21.11,-4.89,0.00924,1,15,18.56,11.19,1],"hull":20,"edges":[0,2,2,4,4,6,6,8,8,10,10,12,12,14,14,16,16,18,18,20,20,22,22,24,24,26,26,28,28,30,30,32,32,34,34,36,36,38,0,38],"width":42,"height":112}},"z11":{"z11":{"type":"mesh","uvs":[0.34924,0,0,0,0,0.10444,0,0.2943,0.07424,0.48415,0.2409,0.67078,0.29924,0.79949,0.13257,0.84132,0,0.91212,0.07424,1,0.34924,1,0.75757,1,1,1,1,0.88959,1,0.77697,0.9659,0.55816,0.97424,0.37152,1,0.15593,0.9409,0,0.48389,0.80399,0.36597,0.86687,0.47828,0.95577,0.82081,0.93626,0.83204,0.79532,0.80958,0.61752,0.39966,0.60451,0.68604,0.45056,0.29858,0.45923,0.66358,0.2836,0.2312,0.28143],"triangles":[10,21,11,21,10,20,20,10,8,20,8,7,8,10,9,21,20,19,7,6,20,20,6,19,22,21,19,11,22,12,22,13,12,11,21,22,22,23,13,22,19,23,23,14,13,19,5,25,19,24,23,19,25,24,19,6,5,23,24,14,24,15,14,5,4,25,15,24,26,4,27,25,24,25,26,25,27,26,15,26,16,27,28,26,27,3,29,27,4,3,27,29,28,26,28,16,16,28,17,3,2,29,29,0,28,17,0,18,17,28,0,29,2,0,2,1,0],"vertices":[1,11,-6.62,-3.77,1,1,11,-6.83,-17.39,1,1,11,3.72,-17.55,1,2,11,22.9,-17.83,0.99429,12,-17.89,-15.32,0.00571,2,11,42.11,-15.23,0.41481,12,1.46,-16.61,0.58519,3,11,61.06,-9.01,9.0E-4,12,21.26,-14.31,0.96039,51,12.57,-27.13,0.03871,3,12,34.45,-14.88,0.50364,13,-1.46,-15.85,0.00164,51,12.85,-13.93,0.49472,2,12,37.18,-22.13,0.13029,51,20.05,-11.05,0.86971,2,12,43.05,-28.72,0.01622,51,26.5,-5.03,0.98378,1,51,25.38,4.24,1,2,13,18.74,-13.44,0.02122,51,14.86,6.31,0.97878,2,13,18.38,2.48,0.9859,51,-0.77,9.39,0.0141,1,13,18.16,11.93,1,2,12,49.21,9.86,0.00283,13,7.02,11.68,0.99717,2,12,38.1,12.3,0.44833,13,-4.36,11.42,0.55167,3,11,50.11,19.43,0.00479,12,16.23,15.75,0.99501,13,-26.42,9.59,2.0E-4,2,11,31.27,20.04,0.48646,12,-2.12,20.12,0.51354,2,11,9.51,21.37,0.975,12,-23.17,25.77,0.025,1,11,-6.27,19.3,1,3,12,36.44,-7.94,0.63179,13,-1.17,-8.64,0.05311,51,5.87,-12.1,0.3151,3,12,41.65,-13.8,0.19173,13,5.28,-13.09,0.00937,51,11.61,-6.75,0.7989,2,13,14.16,-8.51,0.07944,51,9.05,2.9,0.92056,1,13,11.89,4.8,1,2,12,38.5,5.51,0.39848,13,-2.36,4.92,0.60152,2,12,20.77,8.51,0.99523,13,-20.29,3.63,0.00477,3,11,54.46,-2.72,0.00338,12,16.06,-6.82,0.99358,51,5.2,-32.5,0.00305,2,11,39.08,8.68,0.11648,12,3.27,7.42,0.88352,2,11,39.73,-6.44,0.38864,12,0.88,-7.52,0.61136,2,11,22.2,8.06,0.91087,12,-13.39,10.19,0.08913,1,11,21.73,-8.8,1],"hull":19,"edges":[0,2,2,4,4,6,6,8,8,10,10,12,12,14,14,16,16,18,18,20,20,22,22,24,24,26,26,28,28,30,30,32,32,34,34,36,0,36],"width":39,"height":101}}}}],"animations":{"bei-zhanli":{"slots":{"01":{"attachment":[{"name":null}]},"1":{"attachment":[{"name":null}]},"02":{"attachment":[{"name":null}]},"2":{"attachment":[{"name":null}]},"03":{"attachment":[{"name":null}]},"3":{"attachment":[{"name":null}]},"04":{"attachment":[{"name":null}]},"4":{"attachment":[{"name":null}]},"b2":{"attachment":[{"name":null}]},"z1":{"attachment":[{"name":null}]},"z3":{"attachment":[{"name":null}]},"z4":{"attachment":[{"name":null}]},"z5":{"attachment":[{"name":null}]},"z6":{"attachment":[{"name":null}]},"z7":{"attachment":[{"name":null}]},"z8":{"attachment":[{"name":null}]},"z9":{"attachment":[{"name":null}]},"z10":{"attachment":[{"name":null}]},"z11":{"attachment":[{"name":null}]}},"bones":{"bone":{"translate":[{"x":301.45}]},"bone2":{"rotate":[{},{"time":0.6667,"angle":0.5},{"time":1.3333},{"time":2,"angle":-0.5},{"time":2.6667}],"translate":[{"x":-185.9}]},"b16":{"rotate":[{"angle":2.28},{"time":0.6667,"angle":3.83},{"time":1.3333,"angle":2.28},{"time":2,"angle":0.9},{"time":2.6667,"angle":2.28}]},"b8":{"rotate":[{},{"time":0.6667,"angle":-3.32},{"time":1.3333},{"time":2,"angle":2.27},{"time":2.6667}]},"bone3":{"rotate":[{},{"time":0.6667,"angle":2.02},{"time":1.3333},{"time":2,"angle":-2.25},{"time":2.6667}]},"b1":{"rotate":[{"angle":-11.28},{"time":0.6667,"angle":-8},{"time":1.3333,"angle":-11.28},{"time":2,"angle":-14.8},{"time":2.6667,"angle":-11.28}]},"b2":{"rotate":[{"angle":3.57},{"time":0.6667,"angle":13.09},{"time":1.3333,"angle":3.57},{"time":2,"angle":-2.24},{"time":2.6667,"angle":3.57}]},"b5":{"rotate":[{"angle":-11.41},{"time":0.6667,"angle":0.6},{"time":1.3333,"angle":-11.41},{"time":2,"angle":17.47},{"time":2.6667,"angle":-11.41}]},"b17":{"rotate":[{},{"time":0.6667,"angle":-5.6},{"time":1.3333},{"time":2,"angle":5.57},{"time":2.6667}]}}},"bei-zhanli+daizi":{"slots":{"01":{"attachment":[{"name":null}]},"1":{"attachment":[{"name":null}]},"02":{"attachment":[{"name":null}]},"2":{"attachment":[{"name":null}]},"03":{"attachment":[{"name":null}]},"3":{"attachment":[{"name":null}]},"04":{"attachment":[{"name":null}]},"4":{"attachment":[{"name":null}]},"z1":{"attachment":[{"name":null}]},"z3":{"attachment":[{"name":null}]},"z4":{"attachment":[{"name":null}]},"z5":{"attachment":[{"name":null}]},"z6":{"attachment":[{"name":null}]},"z7":{"attachment":[{"name":null}]},"z8":{"attachment":[{"name":null}]},"z9":{"attachment":[{"name":null}]},"z10":{"attachment":[{"name":null}]},"z11":{"attachment":[{"name":null}]}},"bones":{"bone":{"translate":[{"x":301.45}]},"bone2":{"rotate":[{},{"time":0.6667,"angle":0.5},{"time":1.3333},{"time":2,"angle":-0.5},{"time":2.6667}],"translate":[{"x":-185.9}]},"b16":{"rotate":[{"angle":2.28},{"time":0.6667,"angle":3.83},{"time":1.3333,"angle":2.28},{"time":2,"angle":0.9},{"time":2.6667,"angle":2.28}]},"b8":{"rotate":[{},{"time":0.6667,"angle":-3.32},{"time":1.3333},{"time":2,"angle":2.27},{"time":2.6667}]},"bone3":{"rotate":[{},{"time":0.6667,"angle":2.02},{"time":1.3333},{"time":2,"angle":-2.25},{"time":2.6667}]},"b1":{"rotate":[{"angle":-11.28},{"time":0.6667,"angle":-8},{"time":1.3333,"angle":-11.28},{"time":2,"angle":-14.8},{"time":2.6667,"angle":-11.28}]},"b2":{"rotate":[{"angle":-6.01},{"time":0.6667,"angle":-5.5},{"time":1.3333,"angle":3.57},{"time":2,"angle":-2.24},{"time":2.6667,"angle":-6.01}]},"b5":{"rotate":[{"angle":5.75},{"time":0.6667,"angle":0.6},{"time":1.3333,"angle":-4.04},{"time":2,"angle":17.47},{"time":2.6667,"angle":5.75}]},"b17":{"rotate":[{},{"time":0.6667,"angle":-5.6},{"time":1.3333},{"time":2,"angle":5.57},{"time":2.6667}]}}},"bei-zhuangdai":{"slots":{"01":{"attachment":[{"name":null}]},"1":{"attachment":[{"time":0.3667,"name":null}]},"02":{"attachment":[{"name":null}]},"2":{"attachment":[{"name":null},{"time":0.6667,"name":"02"},{"time":1.0333,"name":null}]},"03":{"attachment":[{"name":null}]},"3":{"attachment":[{"name":null},{"time":1.3333,"name":"03"},{"time":1.7,"name":null}]},"04":{"attachment":[{"name":null}]},"b2":{"attachment":[{"name":null}]},"z1":{"attachment":[{"name":null}]},"z3":{"attachment":[{"name":null}]},"z4":{"attachment":[{"name":null}]},"z5":{"attachment":[{"name":null}]},"z6":{"attachment":[{"name":null}]},"z7":{"attachment":[{"name":null}]},"z8":{"attachment":[{"name":null}]},"z9":{"attachment":[{"name":null}]},"z10":{"attachment":[{"name":null}]},"z11":{"attachment":[{"name":null}]}},"bones":{"bone":{"translate":[{"x":301.45}]},"bone2":{"translate":[{"x":-185.9}]},"b16":{"rotate":[{"angle":-13.01},{"time":0.3333,"angle":-19.33},{"time":0.6667,"angle":-13.01},{"time":1,"angle":-19.33},{"time":1.3333,"angle":-13.01},{"time":1.6667,"angle":-19.33},{"time":2,"angle":-6.57}]},"b8":{"rotate":[{},{"time":0.3333,"angle":-7.25},{"time":0.6667},{"time":1,"angle":-7.25},{"time":1.3333},{"time":1.6667,"angle":-7.25},{"time":2,"angle":4.36}]},"bone3":{"rotate":[{},{"time":0.3333,"angle":-4.31},{"time":0.6667},{"time":1,"angle":-4.31},{"time":1.3333},{"time":1.6667,"angle":-4.31},{"time":2,"angle":2.04}]},"b1":{"rotate":[{"angle":44.9},{"time":0.3333,"angle":-3.31},{"time":0.6667,"angle":44.9},{"time":1,"angle":-3.31},{"time":1.3333,"angle":44.9},{"time":1.6667,"angle":-3.31},{"time":2,"angle":0.52}]},"b2":{"rotate":[{"angle":17.32},{"time":0.3333,"angle":25.17},{"time":0.6667,"angle":17.32},{"time":1,"angle":25.17},{"time":1.3333,"angle":17.32},{"time":1.6667,"angle":25.17},{"time":2,"angle":13.22}]},"b5":{"rotate":[{"angle":16.68},{"time":0.3333,"angle":-33.07},{"time":0.6667,"angle":10.41},{"time":1,"angle":-33.07},{"time":1.3333,"angle":10.41},{"time":1.6667,"angle":-33.07},{"time":2,"angle":10.41}]},"b17":{"rotate":[{"angle":11.43},{"time":0.3333,"angle":18.93},{"time":0.6667,"angle":11.43},{"time":1,"angle":18.93},{"time":1.3333,"angle":11.43},{"time":1.6667,"angle":18.93},{"time":2,"angle":11.43}]},"6":{"rotate":[{"angle":20.93},{"time":0.3333,"angle":18.14},{"time":0.6667,"angle":20.93},{"time":1,"angle":18.14},{"time":1.3333,"angle":20.93},{"time":1.6667,"angle":18.14},{"time":2,"angle":20.93}],"translate":[{"x":31.53,"y":-164.81}]},"1":{"rotate":[{"angle":-27.26,"curve":"stepped"},{"time":0.6667,"angle":-81.85,"curve":"stepped"},{"time":1,"angle":-81.77,"curve":"stepped"},{"time":1.3333,"angle":-162.94},{"time":1.6667,"angle":-120.39,"curve":"stepped"},{"time":2,"angle":-27.26}],"translate":[{"x":60.97,"y":-203.37},{"time":0.6667,"x":65.73,"y":-201.49},{"time":1.3333,"x":60.97,"y":-203.37}]},"8":{"rotate":[{"time":0.3333,"angle":6.25}]},"7":{"rotate":[{"time":0.3333,"angle":15.17}]}},"drawOrder":[{"offsets":[{"slot":"4","offset":-9},{"slot":"1","offset":-8}]},{"time":0.1667,"offsets":[{"slot":"4","offset":-8},{"slot":"1","offset":-17}]},{"time":0.6667,"offsets":[{"slot":"4","offset":-9},{"slot":"2","offset":-5},{"slot":"1","offset":-8}]},{"time":0.8333,"offsets":[{"slot":"4","offset":-8},{"slot":"2","offset":-14},{"slot":"1","offset":-7}]},{"time":1.3333,"offsets":[{"slot":"4","offset":-9},{"slot":"3","offset":-2},{"slot":"1","offset":-8}]},{"time":1.5,"offsets":[{"slot":"4","offset":-8},{"slot":"3","offset":-14},{"slot":"1","offset":-7}]},{"time":2,"offsets":[{"slot":"4","offset":-9},{"slot":"1","offset":-8}]}]},"zheng-zhanli":{"slots":{"01":{"attachment":[{"name":null}]},"1":{"attachment":[{"name":null}]},"02":{"attachment":[{"name":null}]},"2":{"attachment":[{"name":null}]},"03":{"attachment":[{"name":null}]},"3":{"attachment":[{"name":null}]},"04":{"attachment":[{"name":null}]},"4":{"attachment":[{"name":null}]},"b1":{"attachment":[{"name":null}]},"b2":{"attachment":[{"name":null}]},"b3":{"attachment":[{"name":null}]},"b4":{"attachment":[{"name":null}]},"b5":{"attachment":[{"name":null}]},"b6":{"attachment":[{"name":null}]},"b7":{"attachment":[{"name":null}]},"b8":{"attachment":[{"name":null}]},"z2":{"attachment":[{"time":1.3333,"name":"z2"},{"time":1.5,"name":null},{"time":1.6667,"name":"z2"},{"time":1.8333,"name":null}]},"z3":{"attachment":[{"time":1.3333,"name":null},{"time":1.5,"name":"z3"},{"time":1.6667,"name":null},{"time":1.8333,"name":"z3"}]},"z6":{"attachment":[{"name":null}]},"z8":{"attachment":[{"name":null}]}},"bones":{"bone":{"rotate":[{},{"time":0.6667,"angle":0.51},{"time":1.3333},{"time":2,"angle":-0.49},{"time":2.6667}]},"z1":{"rotate":[{},{"time":0.6667,"angle":4.29},{"time":1.3333},{"time":2,"angle":-3.17},{"time":2.6667}]},"z23":{"rotate":[{},{"time":0.6667,"angle":1.1},{"time":1.3333},{"time":2,"angle":-1.62},{"time":2.6667}]},"z7":{"rotate":[{},{"time":0.6667,"angle":-3.97},{"time":1.3333},{"time":2,"angle":4.54},{"time":2.6667}]},"z8":{"rotate":[{},{"time":0.6667,"angle":-3.27},{"time":1.3333},{"time":2,"angle":5.05},{"time":2.6667}]},"z22":{"rotate":[{},{"time":0.6667,"angle":-4.19},{"time":1.3333},{"time":2,"angle":4.58},{"time":2.6667}]},"z4":{"rotate":[{},{"time":0.6667,"angle":-3},{"time":1.3333},{"time":2,"angle":1.85},{"time":2.6667}]},"z9":{"rotate":[{},{"time":0.6667,"angle":3.09},{"time":1.3333},{"time":2,"angle":-2.18},{"time":2.6667}]}}},"zheng-zhanli+daizi":{"slots":{"01":{"attachment":[{"name":null}]},"1":{"attachment":[{"name":null}]},"02":{"attachment":[{"name":null}]},"2":{"attachment":[{"name":null}]},"03":{"attachment":[{"name":null}]},"3":{"attachment":[{"name":null}]},"04":{"attachment":[{"name":null}]},"4":{"attachment":[{"name":null}]},"b1":{"attachment":[{"name":null}]},"b2":{"attachment":[{"name":null}]},"b3":{"attachment":[{"name":null}]},"b4":{"attachment":[{"name":null}]},"b5":{"attachment":[{"name":null}]},"b6":{"attachment":[{"name":null}]},"b7":{"attachment":[{"name":null}]},"b8":{"attachment":[{"name":null}]},"z2":{"attachment":[{"time":1.3333,"name":"z2"},{"time":1.4333,"name":null},{"time":1.5333,"name":"z2"},{"time":1.6333,"name":null}]},"z3":{"attachment":[{"time":1.3333,"name":null},{"time":1.4333,"name":"z3"},{"time":1.5333,"name":null},{"time":1.6333,"name":"z3"}]}},"bones":{"bone":{"rotate":[{},{"time":0.6667,"angle":0.51},{"time":1.3333},{"time":2,"angle":-0.49},{"time":2.6667}]},"z1":{"rotate":[{},{"time":0.6667,"angle":4.29},{"time":1.3333},{"time":2,"angle":-3.17},{"time":2.6667}]},"z23":{"rotate":[{},{"time":0.6667,"angle":1.1},{"time":1.3333},{"time":2,"angle":-1.62},{"time":2.6667}]},"z7":{"rotate":[{"angle":9.47},{"time":0.6667,"angle":6.83},{"time":1.3333,"angle":9.47},{"time":2,"angle":8.25},{"time":2.6667,"angle":9.47}]},"z8":{"rotate":[{"angle":4.18},{"time":0.6667,"angle":0.18},{"time":1.3333,"angle":4.18},{"time":2,"angle":11.65},{"time":2.6667,"angle":4.18}]},"z22":{"rotate":[{"angle":-10.6},{"time":0.6667,"angle":-11.13},{"time":1.3333,"angle":3.08},{"time":2,"angle":4.98},{"time":2.6667,"angle":-10.6}]},"z4":{"rotate":[{},{"time":0.6667,"angle":-3},{"time":1.3333},{"time":2,"angle":1.85},{"time":2.6667}]},"z9":{"rotate":[{},{"time":0.6667,"angle":3.09},{"time":1.3333},{"time":2,"angle":-2.18},{"time":2.6667}]}}},"zheng-zhuangdai":{"slots":{"01":{"attachment":[{"time":0.3667,"name":null}]},"1":{"attachment":[{"time":0.3667,"name":null}]},"02":{"attachment":[{"name":null},{"time":0.6667,"name":"02"},{"time":1.0333,"name":null}]},"2":{"attachment":[{"name":null},{"time":0.6667,"name":"02"},{"time":1.0333,"name":null}]},"03":{"attachment":[{"name":null},{"time":1.3333,"name":"03"},{"time":1.7,"name":null}]},"3":{"attachment":[{"name":null},{"time":1.3333,"name":"03"},{"time":1.7,"name":null}]},"4":{"attachment":[{"name":null}]},"b1":{"attachment":[{"name":null}]},"b2":{"attachment":[{"name":null}]},"b3":{"attachment":[{"name":null}]},"b4":{"attachment":[{"name":null}]},"b5":{"attachment":[{"name":null}]},"b6":{"attachment":[{"name":null}]},"b7":{"attachment":[{"name":null}]},"b8":{"attachment":[{"name":null}]},"z2":{"attachment":[{"name":"z2"}]},"z3":{"attachment":[{"name":null}]},"z6":{"attachment":[{"name":null}]},"z8":{"attachment":[{"name":null}]}},"bones":{"z1":{"rotate":[{"angle":9.67},{"time":0.3333,"angle":0.93},{"time":0.6667,"angle":9.67},{"time":1,"angle":0.93},{"time":1.3333,"angle":9.67},{"time":1.6667,"angle":0.93},{"time":2,"angle":9.67}]},"z23":{"rotate":[{"angle":14.69},{"time":0.3333,"angle":18.56},{"time":0.6667,"angle":14.69},{"time":1,"angle":18.56},{"time":1.3333,"angle":14.69},{"time":1.6667,"angle":18.56},{"time":2,"angle":3.11}]},"z7":{"rotate":[{"angle":-36.1},{"time":0.3333,"angle":-17.39},{"time":0.6667,"angle":-36.1},{"time":1,"angle":-17.39},{"time":1.3333,"angle":-36.1},{"time":1.6667,"angle":-17.39},{"time":2,"angle":-6.23}]},"z8":{"rotate":[{"angle":-13.2},{"time":0.3333,"angle":21.27},{"time":0.6667,"angle":-13.2},{"time":1,"angle":21.27},{"time":1.3333,"angle":-13.2},{"time":1.6667,"angle":21.27},{"time":2,"angle":-8.76}]},"z22":{"rotate":[{"angle":-5.65},{"time":0.3333,"angle":50.1},{"time":0.6667,"angle":-5.65},{"time":1,"angle":50.1},{"time":1.3333,"angle":-5.65},{"time":1.6667,"angle":50.1},{"time":2,"angle":-5.65}]},"z4":{"rotate":[{},{"time":0.3333,"angle":4.11},{"time":0.6667},{"time":1,"angle":4.11},{"time":1.3333},{"time":1.6667,"angle":4.11},{"time":2}]},"04":{"rotate":[{"angle":-17.59},{"time":0.3333,"angle":-25.02},{"time":0.6667,"angle":-17.59},{"time":1,"angle":-25.02},{"time":1.3333,"angle":-17.59},{"time":1.6667,"angle":-25.02},{"time":2,"angle":-17.59}],"translate":[{"x":-61.34,"y":-457.27}]},"01":{"translate":[{"x":356.81,"y":-379.76},{"time":0.3333,"x":352.41,"y":-377.94},{"time":0.6667,"x":356.81,"y":-379.76},{"time":1,"x":352.41,"y":-377.94},{"time":1.3333,"x":356.81,"y":-379.76},{"time":1.6667,"x":352.41,"y":-377.94},{"time":2,"x":356.81,"y":-379.76}]},"z12":{"rotate":[{"angle":-7.38}]},"z13":{"rotate":[{"angle":13.23}]},"4":{"rotate":[{"time":0.2667},{"time":0.3667,"angle":12.1},{"time":0.4667,"curve":"stepped"},{"time":0.9333},{"time":1.0333,"angle":12.1},{"time":1.1333,"curve":"stepped"},{"time":1.6},{"time":1.7,"angle":12.1},{"time":1.8}],"translate":[{"time":0.2667},{"time":0.3667,"x":-3.58,"y":7.66},{"time":0.4667,"curve":"stepped"},{"time":0.9333},{"time":1.0333,"x":-3.58,"y":7.66},{"time":1.1333,"curve":"stepped"},{"time":1.6},{"time":1.7,"x":-3.58,"y":7.66},{"time":1.8}]},"5":{"rotate":[{"time":0.2667,"angle":-0.09},{"time":0.3667,"angle":13.65},{"time":0.4667,"angle":-0.09,"curve":"stepped"},{"time":0.9333,"angle":-0.09},{"time":1.0333,"angle":13.65},{"time":1.1333,"angle":-0.09,"curve":"stepped"},{"time":1.6,"angle":-0.09},{"time":1.7,"angle":13.65},{"time":1.8,"angle":-0.09}]},"6":{"rotate":[{"angle":-17.59},{"time":0.3333,"angle":-25.02},{"time":0.6667,"angle":-17.59},{"time":1,"angle":-25.02},{"time":1.3333,"angle":-17.59},{"time":1.6667,"angle":-25.02},{"time":2,"angle":-17.59}],"translate":[{"x":-61.34,"y":-457.27}]},"7":{"rotate":[{"time":0.2667},{"time":0.3667,"angle":12.1},{"time":0.4667,"curve":"stepped"},{"time":0.9333},{"time":1.0333,"angle":12.1},{"time":1.1333,"curve":"stepped"},{"time":1.6},{"time":1.7,"angle":12.1},{"time":1.8}],"translate":[{"time":0.2667},{"time":0.3667,"x":-3.58,"y":7.66},{"time":0.4667,"curve":"stepped"},{"time":0.9333},{"time":1.0333,"x":-3.58,"y":7.66},{"time":1.1333,"curve":"stepped"},{"time":1.6},{"time":1.7,"x":-3.58,"y":7.66},{"time":1.8}]},"8":{"rotate":[{"time":0.2667,"angle":-0.09},{"time":0.3667,"angle":13.65},{"time":0.4667,"angle":-0.09,"curve":"stepped"},{"time":0.9333,"angle":-0.09},{"time":1.0333,"angle":13.65},{"time":1.1333,"angle":-0.09,"curve":"stepped"},{"time":1.6,"angle":-0.09},{"time":1.7,"angle":13.65},{"time":1.8,"angle":-0.09}]},"1":{"translate":[{"x":356.81,"y":-379.76},{"time":0.3333,"x":352.41,"y":-377.94},{"time":0.6667,"x":356.81,"y":-379.76},{"time":1,"x":352.41,"y":-377.94},{"time":1.3333,"x":356.81,"y":-379.76},{"time":1.6667,"x":352.41,"y":-377.94},{"time":2,"x":356.81,"y":-379.76}]}},"drawOrder":[{"offsets":[{"slot":"04","offset":14},{"slot":"01","offset":5}]}]},"zheng-zoulu":{"slots":{"01":{"attachment":[{"name":null}]},"1":{"attachment":[{"name":null}]},"02":{"attachment":[{"name":null}]},"2":{"attachment":[{"name":null}]},"03":{"attachment":[{"name":null}]},"3":{"attachment":[{"name":null}]},"04":{"attachment":[{"name":null}]},"4":{"attachment":[{"name":null}]},"b1":{"attachment":[{"name":null}]},"b2":{"attachment":[{"name":null}]},"b3":{"attachment":[{"name":null}]},"b4":{"attachment":[{"name":null}]},"b5":{"attachment":[{"name":null}]},"b6":{"attachment":[{"name":null}]},"b7":{"attachment":[{"name":null}]},"b8":{"attachment":[{"name":null}]},"z2":{"attachment":[{"time":1,"name":"z2"},{"time":1.1333,"name":null},{"time":1.2333,"name":"z2"},{"time":1.3667,"name":null}]},"z3":{"attachment":[{"time":1,"name":null},{"time":1.1333,"name":"z3"},{"time":1.2333,"name":null},{"time":1.3667,"name":"z3"}]},"z6":{"attachment":[{"name":null}]},"z8":{"attachment":[{"name":null}]}},"bones":{"bone":{"rotate":[{},{"time":0.5,"angle":0.51},{"time":1},{"time":1.5,"angle":-0.49},{"time":2}]},"z1":{"rotate":[{},{"time":0.5,"angle":4.29},{"time":1},{"time":1.5,"angle":-3.17},{"time":2}]},"z23":{"rotate":[{},{"time":0.5,"angle":1.1},{"time":1},{"time":1.5,"angle":-1.62},{"time":2}]},"z7":{"rotate":[{},{"time":0.5,"angle":-3.97},{"time":1},{"time":1.5,"angle":4.54},{"time":2}]},"z8":{"rotate":[{},{"time":0.5,"angle":-3.27},{"time":1},{"time":1.5,"angle":5.05},{"time":2}]},"z22":{"rotate":[{},{"time":0.5,"angle":-4.19},{"time":1},{"time":1.5,"angle":4.58},{"time":2}]},"z4":{"rotate":[{},{"time":0.5,"angle":-3},{"time":1},{"time":1.5,"angle":1.85},{"time":2}]},"z9":{"rotate":[{},{"time":0.5,"angle":3.09},{"time":1},{"time":1.5,"angle":-2.18},{"time":2}]},"z12":{"rotate":[{"angle":-1.81},{"time":0.5,"angle":6.8},{"time":1,"angle":-9.04},{"time":1.2333,"angle":-15.95},{"time":1.5,"angle":-19.5},{"time":2,"angle":-1.81}]},"z13":{"rotate":[{"angle":-2.28},{"time":0.5,"angle":5.98},{"time":1,"angle":19.97},{"time":1.2333,"angle":18.65},{"time":1.5,"angle":9.27},{"time":2,"angle":-2.28}]},"z16":{"rotate":[{"angle":-9.66},{"time":0.1667,"angle":-16.09},{"time":0.5,"angle":-15.58},{"time":1,"angle":1.76},{"time":1.5,"angle":12.4},{"time":2,"angle":-9.66}]},"z17":{"rotate":[{"angle":23.45},{"time":0.1667,"angle":30.83},{"time":0.5,"angle":9.47},{"time":1,"angle":6.72},{"time":1.5,"angle":11.45},{"time":2,"angle":23.45}]},"z14":{"rotate":[{"angle":5.25},{"time":0.5,"angle":18.69},{"time":1,"angle":24.27},{"time":1.5,"angle":23.15},{"time":2,"angle":5.25}]},"z18":{"rotate":[{"angle":20.82},{"time":1,"angle":5.06},{"time":1.5,"angle":13.17},{"time":2,"angle":20.82}]},"z5":{"translate":[{"x":2.39},{"time":0.5,"x":-0.17,"y":0.02},{"time":1,"x":2.39},{"time":1.5,"x":4.52,"y":0.02},{"time":2,"x":2.39}]},"z24":{"rotate":[{"angle":-14.48},{"time":0.5,"angle":-5.95},{"time":1,"angle":-10.32},{"time":1.5,"angle":-17.21},{"time":2,"angle":-14.48}]},"z25":{"rotate":[{"angle":2.42},{"time":0.5,"angle":-3.82},{"time":1,"angle":-13.31},{"time":1.5,"angle":-12.66},{"time":2,"angle":2.42}]}}},"zheng-zoulu+daizi":{"slots":{"01":{"attachment":[{"name":null}]},"1":{"attachment":[{"name":null}]},"02":{"attachment":[{"name":null}]},"2":{"attachment":[{"name":null}]},"03":{"attachment":[{"name":null}]},"3":{"attachment":[{"name":null}]},"04":{"attachment":[{"name":null}]},"4":{"attachment":[{"name":null}]},"b1":{"attachment":[{"name":null}]},"b2":{"attachment":[{"name":null}]},"b3":{"attachment":[{"name":null}]},"b4":{"attachment":[{"name":null}]},"b5":{"attachment":[{"name":null}]},"b6":{"attachment":[{"name":null}]},"b7":{"attachment":[{"name":null}]},"b8":{"attachment":[{"name":null}]},"z2":{"attachment":[{"time":1,"name":"z2"},{"time":1.1333,"name":null},{"time":1.2333,"name":"z2"},{"time":1.3667,"name":null}]},"z3":{"attachment":[{"time":1,"name":null},{"time":1.1333,"name":"z3"},{"time":1.2333,"name":null},{"time":1.3667,"name":"z3"}]},"z6":{"attachment":[{"time":2,"name":null}]},"z8":{"attachment":[{"time":2,"name":null}]}},"bones":{"bone":{"rotate":[{},{"time":0.5,"angle":0.51},{"time":1},{"time":1.5,"angle":-0.49},{"time":2}]},"z1":{"rotate":[{},{"time":0.5,"angle":4.29},{"time":1},{"time":1.5,"angle":-3.17},{"time":2}]},"z23":{"rotate":[{},{"time":0.5,"angle":1.1},{"time":1},{"time":1.5,"angle":-1.62},{"time":2}]},"z7":{"rotate":[{"angle":8.01},{"time":0.5,"angle":6.3},{"time":1,"angle":8.01},{"time":1.5,"angle":7.86},{"time":2,"angle":8.01}]},"z8":{"rotate":[{"angle":6.9},{"time":0.5,"angle":0.93},{"time":1,"angle":6.9},{"time":1.5,"angle":10.71},{"time":2,"angle":6.9}]},"z22":{"rotate":[{},{"time":0.5,"angle":-4.19},{"time":1},{"time":1.5,"angle":4.58},{"time":2}]},"z4":{"rotate":[{},{"time":0.5,"angle":-3},{"time":1},{"time":1.5,"angle":1.85},{"time":2}]},"z9":{"rotate":[{},{"time":0.5,"angle":3.09},{"time":1},{"time":1.5,"angle":-2.18},{"time":2}]},"z12":{"rotate":[{"angle":-1.81},{"time":0.5,"angle":6.8},{"time":1,"angle":-9.04},{"time":1.2333,"angle":-15.95},{"time":1.5,"angle":-19.5},{"time":2,"angle":-1.81}]},"z13":{"rotate":[{"angle":-2.28},{"time":0.5,"angle":5.98},{"time":1,"angle":19.97},{"time":1.2333,"angle":18.65},{"time":1.5,"angle":9.27},{"time":2,"angle":-2.28}]},"z16":{"rotate":[{"angle":-9.66},{"time":0.1667,"angle":-16.09},{"time":0.5,"angle":-15.58},{"time":1,"angle":1.76},{"time":1.5,"angle":12.4},{"time":2,"angle":-9.66}]},"z17":{"rotate":[{"angle":23.45},{"time":0.1667,"angle":30.83},{"time":0.5,"angle":9.47},{"time":1,"angle":6.72},{"time":1.5,"angle":11.45},{"time":2,"angle":23.45}]},"z14":{"rotate":[{"angle":5.25},{"time":0.5,"angle":18.69},{"time":1,"angle":24.27},{"time":1.5,"angle":23.15},{"time":2,"angle":5.25}]},"z18":{"rotate":[{"angle":20.82},{"time":1,"angle":5.06},{"time":1.5,"angle":13.17},{"time":2,"angle":20.82}]},"z5":{"translate":[{"x":2.39},{"time":0.5,"x":-0.17,"y":0.02},{"time":1,"x":2.39},{"time":1.5,"x":4.52,"y":0.02},{"time":2,"x":2.39}]},"z24":{"rotate":[{"angle":-14.48},{"time":0.5,"angle":-5.95},{"time":1,"angle":-10.32},{"time":1.5,"angle":-17.21},{"time":2,"angle":-14.48}]},"z25":{"rotate":[{"angle":2.42},{"time":0.5,"angle":-3.82},{"time":1,"angle":-13.31},{"time":1.5,"angle":-12.66},{"time":2,"angle":2.42}]}}}}}